Workbook
Name PERFORMANCETASKS: #REF!
Name PT: #REF!
Name QA: #REF!
Name QUARTERLYASSESSMENT: #REF!
Name SUBJECTS: '[1]INPUT DATA'!$A$1002:$A$1005
Name Transmu_Table: #REF!
Name WRITTENWORKS: #REF!
Name WW: #REF!

Sheet INSTRUCTIONS
B3: Instructions: Accomplishing the Electronic Class Record (ECR) for SSHS
B7: 1 | C7: Input the correct data for the following sections. Any details entered here are used throughout the e-Class Record
C10: INPUT DATA
C12: A. | D12: SCHOOL INFO
D13: 1 | E13: REGION | I13: : | J13: Select the Region where the school is located
D14: 2 | E14: DIVISION | I14: : | J14: Input the respective Schools Division Office
D15: 3 | E15: SCHOOL ID | I15: : | J15: Enter the six (6) digit school ID
D16: 4 | E16: SCHOOL NAME | I16: : | J16: Enter the name of the school
D17: 5 | E17: SCHOOL YEAR | I17: : | J17: Enter the current school year
C19: B. | D19: TEACHER, GRADE LEVEL, AND SUBJECT AREA INFO
D20: 1 | E20: TEACHER | J20: Enter the name of teacher's name
D21: 2 | E21: GRADE LEVEL | J21: Input the grade level taught. This field only accepts 11 or 12.
D22: 3 | E22: SECTION NAME | J22: Enter section name.
D23: 4 | E23: SUBJECT TYPE | J23: Select the subject type.
D24: 5 | E24: SUBJECT | J24: The selection for the subjects is dependent on the subject type selected.
E25: 5.1 | F25: Other Elective and Special Curricular Program | J25: If applicable, select “Other Elective and Special Curricular Program”, then enter the new elective or subject in the field provided.
D28: As an additional guide, a note regarding where the computation of the final grade can be found will be displayed, depending on the selected subject type and grade level.
C32: C. | D32: LEARNERS' NAMES
D33: Either manually type learners' names or copy from SF1 and copy onto their respective column (Male or Female).
D37: TIP: Press Control + Shift + V to paste values only. | M37: shift ↑ | P37: Z | Q37: X | R37: C | S37: V
M39: ctrl
B43: 2 | C43: Input the raw scores per term to compute for the term grades and annual final grades.
C46: TERM GRADES
C55: INSTRUCTIONS | G55: DATA INPUT | I55: TERM 1 | J55: TERM 2 | K55: TERM 3 | L55: AVE
D57: HIGHEST POSSIBLE SCORE | J57: Input the highest possible score for each grading component.
D58: ACTUAL SCORE | J58: For each learner, input the actual score accordingly.
D60: The INITIAL GRADE will be computed and TRANSMUTED when all required grading components have been completed.
C64: ! | D64: The weights of the grading components differ depending on the selected Subject type.
K66: CORE | M66: Academic Electives | Q66: TechPro Electives
M67: All Other Electives | O67: Field Experience / Exposure Sports and Arts | Q67: All Other Electives | S67: Work Immersion
E68: WRITTEN WORK | K68: 0.2 | M68: 0.2 | O68: 0.15 | Q68: 0.15 | S68: 0.2
E69: PERFORMANCE TASK | K69: 0.5 | M69: 0.5 | O69: 0.7 | Q69: 0.65 | S69: 0.8
E70: QUARTERLY ASSESSMENT | K70: 0.3 | M70: 0.3 | O70: 0.15 | Q70: 0.2
K71: =SUM(K68:K70) | M71: =SUM(M68:M70) | O71: =SUM(O68:O70) | Q71: =SUM(Q68:Q70) | S71: =SUM(S68:S70)
B75: 3 | C75: Print only the appropriate sheets for reporting purposes and ensure that learner data is handled in compliance with data privacy policies.
C81: TEACH PINAS
C82: www.teachpinas.com

Sheet INPUT DATA
D3: Input Data Sheet for Electronic-Class Record (ECR) for SSHS
B7: SCHOOL INFO | J7: LEARNERS' NAMES
C10: REGION | E10: : | F10: Region VII | K10: MALE | N10: FEMALE
C11: DIVISION | E11: : | F11: Talisay City | K11: 1 | L11: ABELLANA, KERN ANDREW VILLARO | N11: 1 | O11: BADINAS, JESAN JANE PACADA
K12: 2 | L12: ANATIHAN, KARL WYNE MARIQUIT | N12: 2 | O12: ENJAMBRE, SILVER KEY -
C13: SCHOOL ID | E13: : | F13: 303111 | K13: 3 | L13: BACUS, BRYLLE DIONE FULMARAN | N13: 3 | O13: PARAISO, ANGEL MAE MONTEMAYOR
C14: SCHOOL NAME | E14: : | F14: TABUNOC NATIONAL HIGH SCHOOL | K14: 4 | L14: BARAGA, BENJIE JR ARABIS | N14: 4 | O14: RICO, FRITZ ANGELA GERALI
K15: 5 | L15: CABALLES, IVAN ANUADA | N15: 5 | O15: SELLORIA, JANICE -
C16: SCHOOL YEAR | E16: : | F16: 2026-2027 | K16: 6 | L16: CABARDO, ELGE - | N16: 6 | O16: VERSOZA, ARGENZA SACAREZ
K17: 7 | L17: CABIGAS, BRYLLE ANTHONY ANIÑON | N17: 7
K18: 8 | L18: CARMELOTES, CRIS JOHN TAPAO | N18: 8
B19: TEACHER, TRACK, GRADE LEVEL, AND SUBJECT AREA INFO | K19: 9 | L19: CARMELOTES, ZAIJAN TAPAO | N19: 9
K20: 10 | L20: DEJAMO, JOHN JOSEPH TABAY | N20: 10
K21: 11 | L21: DELA CRUZ, JOSHUA DONILA | N21: 11
C22: TEACHER | E22: : | F22: RICHIE RYAN C. MABUNAY | K22: 12 | L22: DENTE, QUEERL BORNEA | N22: 12
C23: TRACK | E23: : | F23: TECHNICAL PROFESSIONAL | G23: (Use the dropdown menu) | K23: 13 | L23: DULCERO, VANS ZILDJIAN RAGOSTA | N23: 13
C24: GRADE LEVEL | E24: : | F24: 11 | G24: (Accepts 11 and 12 only) | K24: 14 | L24: FAT, ALEXIS PEÑAFLOR | N24: 14
C25: SECTION | E25: : | F25: APOLLO | K25: 15 | L25: GOMEZ, JOBBY TWISE CAMPO | N25: 15
C26: SUBJECT TYPE | E26: : | F26: TechPro Elective (All Other Electives) | K26: 16 | L26: JUNGOY, JUSTIN KYLE UMALAY | N26: 16
K27: 17 | L27: MANAAY, CHRIST JAKE CARUANA | N27: 17
C28: SUBJECT | E28: : | F28: Electrical Installation Maintenance | K28: 18 | L28: NAILON, LOVESKI SANTILLAN | N28: 18
K29: 19 | L29: PAUTAN, KENT RICHARD MANCIA | N29: 19
C30: Other Elective & Special Curricular Program / Subject | E30: : | K30: 20 | L30: PAYOSALAN, STEVEN CLYDE EDOLEVERIO | N30: 20
K31: 21 | L31: PETILUNA, CARLITO JR. LANGUIDO | N31: 21
K32: 22 | L32: POTIS, KEVIN GARNETT REPONTE | N32: 22
C33: DISCLAIMER: This is not an official release. All tabs are password-protected to prevent accidental formula edits and ensure accuracy.If you find any inconsistencies, particularly with the formulas, please message ME so the necessary changes can be incorporated. | K33: 23 | L33: TOLEDO, CHARLES BENJAMIN ANDRES | N33: 23
K34: 24 | L34: TRIBUNALO, JOHN ANTHONY COMPACION | N34: 24
K35: 25 | L35: VILLARO, DARYL JAMES ESPINOSA | N35: 25
K36: 26 | L36: VILLARTA, ANGELO JAMES TANTIADO | N36: 26
K37: 27 | L37: VILLARTA, JOENARD TANTIADO | N37: 27
B38: TEACH PINAS | K38: 28 | N38: 28
B39: www.teachpinas.com | K39: 29 | N39: 29
K40: 30 | N40: 30
K41: 31 | N41: 31
K42: 32 | N42: 32
K43: 33 | N43: 33
K44: 34 | N44: 34
K45: 35 | N45: 35
K46: 36 | N46: 36
K47: 37 | N47: 37
K48: 38 | N48: 38
K49: 39 | N49: 39
K50: 40 | N50: 40
K51: 41 | N51: 41
... K60: 50 | N60: 50
P62: 2026_v1.0

Sheet TERM 1
A1: Strengthened Senior High School Class Record
A3: (Pursuant to Deped Order 15 series of 2026)
F4: REGION | G4: ='INPUT DATA'!F10 | O4: DIVISION | R4: ='INPUT DATA'!F11
F5: SCHOOL NAME | G5: ='INPUT DATA'!F14 | O5: SCHOOL ID | R5: =IF('INPUT DATA'!F13="","", 'INPUT DATA'!F13) | W5: SCHOOL YEAR | Z5: ='INPUT DATA'!F16
A7: FIRST TERM | F7: GRADE LEVEL AND SECTION | K7: ='INPUT DATA'!F24&" - "&'INPUT DATA'!F25 | Q7: TEACHER: | S7: =IF('INPUT DATA'!F22="","", 'INPUT DATA'!F22) | X7: SUBJECT: | Z7: =IF('INPUT DATA'!F30<>"",'INPUT DATA'!F30,'INPUT DATA'!F28)
Q8: TRACK: | S8: ='INPUT DATA'!F23 | X8: SUBJECT TYPE: | Z8: ='INPUT DATA'!F26
A9: LEARNERS' NAMES | F9: =IF('INPUT DATA'!$F$26="","",INDEX('Helper(IMPORTANT!)'!$CI$2:$CI$6,MATCH(Z8,'Helper(IMPORTANT!)'!$CH$2:$CH$6,0))) | N9: =IF('INPUT DATA'!$F$26="","",INDEX('Helper(IMPORTANT!)'!$CJ$2:$CJ$6,MATCH(Z8,'Helper(IMPORTANT!)'!$CH$2:$CH$6,0))) | T9: =IF('INPUT DATA'!$F$26="","",INDEX('Helper(IMPORTANT!)'!$CK$2:$CK$6,MATCH(Z8,'Helper(IMPORTANT!)'!$CH$2:$CH$6,0))) | Z9: Initial Grade | AA9: Transmuted Grade | AB9: Letter Grade
F10: 1 | G10: 2 | H10: 3 | I10: 4 | J10: 5 | K10: Total | L10: PS | M10: WS | N10: 1 | O10: 2 | P10: 3 | Q10: Total | R10: PS | S10: WS | T10: SA1 | U10: SA2 | V10: TE | W10: Total | X10: PS | Y10: WS
A11: HIGHEST POSSIBLE SCORE | K11: =IF(COUNT($F11:$J11)=0,"",SUM($F11:$J11)) | L11: 100 | M11: =IF('INPUT DATA'!$F$26="","",INDEX('Helper(IMPORTANT!)'!$CL$2:$CL$6,MATCH(Z8,'Helper(IMPORTANT!)'!$CH$2:$CH$6,0))) | Q11: =IF(COUNT($N11:$P11)=0,"",SUM($N11:$P11)) | R11: 100 | S11: =IF('INPUT DATA'!$F$26="","",INDEX('Helper(IMPORTANT!)'!$CM$2:$CM$6,MATCH(Z8,'Helper(IMPORTANT!)'!$CH$2:$CH$6,0))) | T11: 50 | W11: =IF(COUNT($T11:$V11)=0,"",SUM($T11:$V11)) | X11: 100 | Y11: =IF('INPUT DATA'!$F$26="","",INDEX('Helper(IMPORTANT!)'!$CN$2:$CN$6,MATCH(Z8,'Helper(IMPORTANT!)'!$CH$2:$CH$6,0)))
A12: MALE
A13: 1 | B13: ='INPUT DATA'!L11 | K13: =IF(COUNT($F13:$J13)=0,"",SUM($F13:$J13)) | L13: =IFERROR(IF(K13="","",ROUND(K13/$K$11*100,2)),"") | M13: =IFERROR(IF(L13="","",ROUND(L13*$M$11,2)),"") | Q13: =IF(COUNT($N13:$P13)=0,"",SUM($N13:$P13)) | R13: =IFERROR(IF(Q13="","",ROUND(Q13/$Q$11*100,2)),"") | S13: =IFERROR(IF(R13="","",ROUND(R13*$S$11,2)),"") | T13: 35 | W13: =IF(COUNT($T13:$V13)=0,"",SUM($T13:$V13)) | X13: =IFERROR(IF(W13="","",ROUND((($T13/$T$11)*30 + ($U13/$U$11)*30 + ($V13/$V$11)*40),2)),"") | Y13: =IFERROR(IF(X13="","",ROUND(X13*$Y$11,2)),"") | Z13: =IFERROR(M13+S13+Y13,"") | AA13: =IFERROR(VLOOKUP(Z13,'Helper(IMPORTANT!)'!$CQ$1:$CR$41,2,TRUE),"") | AB13: {=IF(AA13="", "", _xlfn.IFS(AA13>=90, "A", AA13>=80, "B", AA13>=75, "C", AA13>=65, "D", AA13>=0, "E"))}
A14: 2 | B14: ='INPUT DATA'!L12 | K14: =IF(COUNT($F14:$J14)=0,"",SUM($F14:$J14)) | L14: =IFERROR(IF(K14="","",ROUND(K14/$K$11*100,2)),"") | M14: =IFERROR(IF(L14="","",ROUND(L14*$M$11,2)),"") | Q14: =IF(COUNT($N14:$P14)=0,"",SUM($N14:$P14)) | R14: =IFERROR(IF(Q14="","",ROUND(Q14/$Q$11*100,2)),"") | S14: =IFERROR(IF(R14="","",ROUND(R14*$S$11,2)),"") | T14: 38 | W14: =IF(COUNT($T14:$V14)=0,"",SUM($T14:$V14)) | X14: =IFERROR(IF(W14="","",ROUND((($T14/$T$11)*30 + ($U14/$U$11)*30 + ($V14/$V$11)*40),2)),"") | Y14: =IFERROR(IF(X14="","",ROUND(X14*$Y$11,2)),"") | Z14: =IFERROR(M14+S14+Y14,"") | AA14: =IFERROR(VLOOKUP(Z14,'Helper(IMPORTANT!)'!$CQ$1:$CR$41,2,TRUE),"") | AB14: {=IF(AA14="", "", _xlfn.IFS(AA14>=90, "A", AA14>=80, "B", AA14>=75, "C", AA14>=65, "D", AA14>=0, "E"))}
A15: 3 | B15: ='INPUT DATA'!L13 | K15: =IF(COUNT($F15:$J15)=0,"",SUM($F15:$J15)) | L15: =IFERROR(IF(K15="","",ROUND(K15/$K$11*100,2)),"") | M15: =IFERROR(IF(L15="","",ROUND(L15*$M$11,2)),"") | Q15: =IF(COUNT($N15:$P15)=0,"",SUM($N15:$P15)) | R15: =IFERROR(IF(Q15="","",ROUND(Q15/$Q$11*100,2)),"") | S15: =IFERROR(IF(R15="","",ROUND(R15*$S$11,2)),"") | T15: 44 | W15: =IF(COUNT($T15:$V15)=0,"",SUM($T15:$V15)) | X15: =IFERROR(IF(W15="","",ROUND((($T15/$T$11)*30 + ($U15/$U$11)*30 + ($V15/$V$11)*40),2)),"") | Y15: =IFERROR(IF(X15="","",ROUND(X15*$Y$11,2)),"") | Z15: =IFERROR(M15+S15+Y15,"") | AA15: =IFERROR(VLOOKUP(Z15,'Helper(IMPORTANT!)'!$CQ$1:$CR$41,2,TRUE),"") | AB15: {=IF(AA15="", "", _xlfn.IFS(AA15>=90, "A", AA15>=80, "B", AA15>=75, "C", AA15>=65, "D", AA15>=0, "E"))}
A16: 4 | B16: ='INPUT DATA'!L14 | K16: =IF(COUNT($F16:$J16)=0,"",SUM($F16:$J16)) | L16: =IFERROR(IF(K16="","",ROUND(K16/$K$11*100,2)),"") | M16: =IFERROR(IF(L16="","",ROUND(L16*$M$11,2)),"") | Q16: =IF(COUNT($N16:$P16)=0,"",SUM($N16:$P16)) | R16: =IFERROR(IF(Q16="","",ROUND(Q16/$Q$11*100,2)),"") | S16: =IFERROR(IF(R16="","",ROUND(R16*$S$11,2)),"") | T16: 37 | W16: =IF(COUNT($T16:$V16)=0,"",SUM($T16:$V16)) | X16: =IFERROR(IF(W16="","",ROUND((($T16/$T$11)*30 + ($U16/$U$11)*30 + ($V16/$V$11)*40),2)),"") | Y16: =IFERROR(IF(X16="","",ROUND(X16*$Y$11,2)),"") | Z16: =IFERROR(M16+S16+Y16,"") | AA16: =IFERROR(VLOOKUP(Z16,'Helper(IMPORTANT!)'!$CQ$1:$CR$41,2,TRUE),"") | AB16: {=IF(AA16="", "", _xlfn.IFS(AA16>=90, "A", AA16>=80, "B", AA16>=75, "C", AA16>=65, "D", AA16>=0, "E"))}
A17: 5 | B17: ='INPUT DATA'!L15 | K17: =IF(COUNT($F17:$J17)=0,"",SUM($F17:$J17)) | L17: =IFERROR(IF(K17="","",ROUND(K17/$K$11*100,2)),"") | M17: =IFERROR(IF(L17="","",ROUND(L17*$M$11,2)),"") | Q17: =IF(COUNT($N17:$P17)=0,"",SUM($N17:$P17)) | R17: =IFERROR(IF(Q17="","",ROUND(Q17/$Q$11*100,2)),"") | S17: =IFERROR(IF(R17="","",ROUND(R17*$S$11,2)),"") | T17: 35 | W17: =IF(COUNT($T17:$V17)=0,"",SUM($T17:$V17)) | X17: =IFERROR(IF(W17="","",ROUND((($T17/$T$11)*30 + ($U17/$U$11)*30 + ($V17/$V$11)*40),2)),"") | Y17: =IFERROR(IF(X17="","",ROUND(X17*$Y$11,2)),"") | Z17: =IFERROR(M17+S17+Y17,"") | AA17: =IFERROR(VLOOKUP(Z17,'Helper(IMPORTANT!)'!$CQ$1:$CR$41,2,TRUE),"") | AB17: {=IF(AA17="", "", _xlfn.IFS(AA17>=90, "A", AA17>=80, "B", AA17>=75, "C", AA17>=65, "D", AA17>=0, "E"))}
A18: 6 | B18: ='INPUT DATA'!L16 | K18: =IF(COUNT($F18:$J18)=0,"",SUM($F18:$J18)) | L18: =IFERROR(IF(K18="","",ROUND(K18/$K$11*100,2)),"") | M18: =IFERROR(IF(L18="","",ROUND(L18*$M$11,2)),"") | Q18: =IF(COUNT($N18:$P18)=0,"",SUM($N18:$P18)) | R18: =IFERROR(IF(Q18="","",ROUND(Q18/$Q$11*100,2)),"") | S18: =IFERROR(IF(R18="","",ROUND(R18*$S$11,2)),"") | T18: 26 | W18: =IF(COUNT($T18:$V18)=0,"",SUM($T18:$V18)) | X18: =IFERROR(IF(W18="","",ROUND((($T18/$T$11)*30 + ($U18/$U$11)*30 + ($V18/$V$11)*40),2)),"") | Y18: =IFERROR(IF(X18="","",ROUND(X18*$Y$11,2)),"") | Z18: =IFERROR(M18+S18+Y18,"") | AA18: =IFERROR(VLOOKUP(Z18,'Helper(IMPORTANT!)'!$CQ$1:$CR$41,2,TRUE),"") | AB18: {=IF(AA18="", "", _xlfn.IFS(AA18>=90, "A", AA18>=80, "B", AA18>=75, "C", AA18>=65, "D", AA18>=0, "E"))}
A19: 7 | B19: ='INPUT DATA'!L17 | K19: =IF(COUNT($F19:$J19)=0,"",SUM($F19:$J19)) | L19: =IFERROR(IF(K19="","",ROUND(K19/$K$11*100,2)),"") | M19: =IFERROR(IF(L19="","",ROUND(L19*$M$11,2)),"") | Q19: =IF(COUNT($N19:$P19)=0,"",SUM($N19:$P19)) | R19: =IFERROR(IF(Q19="","",ROUND(Q19/$Q$11*100,2)),"") | S19: =IFERROR(IF(R19="","",ROUND(R19*$S$11,2)),"") | T19: 44 | W19: =IF(COUNT($T19:$V19)=0,"",SUM($T19:$V19)) | X19: =IFERROR(IF(W19="","",ROUND((($T19/$T$11)*30 + ($U19/$U$11)*30 + ($V19/$V$11)*40),2)),"") | Y19: =IFERROR(IF(X19="","",ROUND(X19*$Y$11,2)),"") | Z19: =IFERROR(M19+S19+Y19,"") | AA19: =IFERROR(VLOOKUP(Z19,'Helper(IMPORTANT!)'!$CQ$1:$CR$41,2,TRUE),"") | AB19: {=IF(AA19="", "", _xlfn.IFS(AA19>=90, "A", AA19>=80, "B", AA19>=75, "C", AA19>=65, "D", AA19>=0, "E"))}
A20: 8 | B20: ='INPUT DATA'!L18 | K20: =IF(COUNT($F20:$J20)=0,"",SUM($F20:$J20)) | L20: =IFERROR(IF(K20="","",ROUND(K20/$K$11*100,2)),"") | M20: =IFERROR(IF(L20="","",ROUND(L20*$M$11,2)),"") | Q20: =IF(COUNT($N20:$P20)=0,"",SUM($N20:$P20)) | R20: =IFERROR(IF(Q20="","",ROUND(Q20/$Q$11*100,2)),"") | S20: =IFERROR(IF(R20="","",ROUND(R20*$S$11,2)),"") | T20: 44 | W20: =IF(COUNT($T20:$V20)=0,"",SUM($T20:$V20)) | X20: =IFERROR(IF(W20="","",ROUND((($T20/$T$11)*30 + ($U20/$U$11)*30 + ($V20/$V$11)*40),2)),"") | Y20: =IFERROR(IF(X20="","",ROUND(X20*$Y$11,2)),"") | Z20: =IFERROR(M20+S20+Y20,"") | AA20: =IFERROR(VLOOKUP(Z20,'Helper(IMPORTANT!)'!$CQ$1:$CR$41,2,TRUE),"") | AB20: {=IF(AA20="", "", _xlfn.IFS(AA20>=90, "A", AA20>=80, "B", AA20>=75, "C", AA20>=65, "D", AA20>=0, "E"))}
A21: 9 | B21: ='INPUT DATA'!L19 | K21: =IF(COUNT($F21:$J21)=0,"",SUM($F21:$J21)) | L21: =IFERROR(IF(K21="","",ROUND(K21/$K$11*100,2)),"") | M21: =IFERROR(IF(L21="","",ROUND(L21*$M$11,2)),"") | Q21: =IF(COUNT($N21:$P21)=0,"",SUM($N21:$P21)) | R21: =IFERROR(IF(Q21="","",ROUND(Q21/$Q$11*100,2)),"") | S21: =IFERROR(IF(R21="","",ROUND(R21*$S$11,2)),"") | T21: 39 | W21: =IF(COUNT($T21:$V21)=0,"",SUM($T21:$V21)) | X21: =IFERROR(IF(W21="","",ROUND((($T21/$T$11)*30 + ($U21/$U$11)*30 + ($V21/$V$11)*40),2)),"") | Y21: =IFERROR(IF(X21="","",ROUND(X21*$Y$11,2)),"") | Z21: =IFERROR(M21+S21+Y21,"") | AA21: =IFERROR(VLOOKUP(Z21,'Helper(IMPORTANT!)'!$CQ$1:$CR$41,2,TRUE),"") | AB21: {=IF(AA21="", "", _xlfn.IFS(AA21>=90, "A", AA21>=80, "B", AA21>=75, "C", AA21>=65, "D", AA21>=0, "E"))}
A22: 10 | B22: ='INPUT DATA'!L20 | K22: =IF(COUNT($F22:$J22)=0,"",SUM($F22:$J22)) | L22: =IFERROR(IF(K22="","",ROUND(K22/$K$11*100,2)),"") | M22: =IFERROR(IF(L22="","",ROUND(L22*$M$11,2)),"") | Q22: =IF(COUNT($N22:$P22)=0,"",SUM($N22:$P22)) | R22: =IFERROR(IF(Q22="","",ROUND(Q22/$Q$11*100,2)),"") | S22: =IFERROR(IF(R22="","",ROUND(R22*$S$11,2)),"") | T22: 28 | W22: =IF(COUNT($T22:$V22)=0,"",SUM($T22:$V22)) | X22: =IFERROR(IF(W22="","",ROUND((($T22/$T$11)*30 + ($U22/$U$11)*30 + ($V22/$V$11)*40),2)),"") | Y22: =IFERROR(IF(X22="","",ROUND(X22*$Y$11,2)),"") | Z22: =IFERROR(M22+S22+Y22,"") | AA22: =IFERROR(VLOOKUP(Z22,'Helper(IMPORTANT!)'!$CQ$1:$CR$41,2,TRUE),"") | AB22: {=IF(AA22="", "", _xlfn.IFS(AA22>=90, "A", AA22>=80, "B", AA22>=75, "C", AA22>=65, "D", AA22>=0, "E"))}
A23: 11 | B23: ='INPUT DATA'!L21 | K23: =IF(COUNT($F23:$J23)=0,"",SUM($F23:$J23)) | L23: =IFERROR(IF(K23="","",ROUND(K23/$K$11*100,2)),"") | M23: =IFERROR(IF(L23="","",ROUND(L23*$M$11,2)),"") | Q23: =IF(COUNT($N23:$P23)=0,"",SUM($N23:$P23)) | R23: =IFERROR(IF(Q23="","",ROUND(Q23/$Q$11*100,2)),"") | S23: =IFERROR(IF(R23="","",ROUND(R23*$S$11,2)),"") | T23: 27 | W23: =IF(COUNT($T23:$V23)=0,"",SUM($T23:$V23)) | X23: =IFERROR(IF(W23="","",ROUND((($T23/$T$11)*30 + ($U23/$U$11)*30 + ($V23/$V$11)*40),2)),"") | Y23: =IFERROR(IF(X23="","",ROUND(X23*$Y$11,2)),"") | Z23: =IFERROR(M23+S23+Y23,"") | AA23: =IFERROR(VLOOKUP(Z23,'Helper(IMPORTANT!)'!$CQ$1:$CR$41,2,TRUE),"") | AB23: {=IF(AA23="", "", _xlfn.IFS(AA23>=90, "A", AA23>=80, "B", AA23>=75, "C", AA23>=65, "D", AA23>=0, "E"))}
A24: 12 | B24: ='INPUT DATA'!L22 | K24: =IF(COUNT($F24:$J24)=0,"",SUM($F24:$J24)) | L24: =IFERROR(IF(K24="","",ROUND(K24/$K$11*100,2)),"") | M24: =IFERROR(IF(L24="","",ROUND(L24*$M$11,2)),"") | Q24: =IF(COUNT($N24:$P24)=0,"",SUM($N24:$P24)) | R24: =IFERROR(IF(Q24="","",ROUND(Q24/$Q$11*100,2)),"") | S24: =IFERROR(IF(R24="","",ROUND(R24*$S$11,2)),"") | T24: 35 | W24: =IF(COUNT($T24:$V24)=0,"",SUM($T24:$V24)) | X24: =IFERROR(IF(W24="","",ROUND((($T24/$T$11)*30 + ($U24/$U$11)*30 + ($V24/$V$11)*40),2)),"") | Y24: =IFERROR(IF(X24="","",ROUND(X24*$Y$11,2)),"") | Z24: =IFERROR(M24+S24+Y24,"") | AA24: =IFERROR(VLOOKUP(Z24,'Helper(IMPORTANT!)'!$CQ$1:$CR$41,2,TRUE),"") | AB24: {=IF(AA24="", "", _xlfn.IFS(AA24>=90, "A", AA24>=80, "B", AA24>=75, "C", AA24>=65, "D", AA24>=0, "E"))}
... A39: 27 | B39: ='INPUT DATA'!L37 | K39: =IF(COUNT($F39:$J39)=0,"",SUM($F39:$J39)) | L39: =IFERROR(IF(K39="","",ROUND(K39/$K$11*100,2)),"") | M39: =IFERROR(IF(L39="","",ROUND(L39*$M$11,2)),"") | Q39: =IF(COUNT($N39:$P39)=0,"",SUM($N39:$P39)) | R39: =IFERROR(IF(Q39="","",ROUND(Q39/$Q$11*100,2)),"") | S39: =IFERROR(IF(R39="","",ROUND(R39*$S$11,2)),"") | T39: 41 | W39: =IF(COUNT($T39:$V39)=0,"",SUM($T39:$V39)) | X39: =IFERROR(IF(W39="","",ROUND((($T39/$T$11)*30 + ($U39/$U$11)*30 + ($V39/$V$11)*40),2)),"") | Y39: =IFERROR(IF(X39="","",ROUND(X39*$Y$11,2)),"") | Z39: =IFERROR(M39+S39+Y39,"") | AA39: =IFERROR(VLOOKUP(Z39,'Helper(IMPORTANT!)'!$CQ$1:$CR$41,2,TRUE),"") | AB39: {=IF(AA39="", "", _xlfn.IFS(AA39>=90, "A", AA39>=80, "B", AA39>=75, "C", AA39>=65, "D", AA39>=0, "E"))}
A40: 28 | B40: ='INPUT DATA'!L38 | K40: =IF(COUNT($F40:$J40)=0,"",SUM($F40:$J40)) | L40: =IFERROR(IF(K40="","",ROUND(K40/$K$11*100,2)),"") | M40: =IFERROR(IF(L40="","",ROUND(L40*$M$11,2)),"") | Q40: =IF(COUNT($N40:$P40)=0,"",SUM($N40:$P40)) | R40: =IFERROR(IF(Q40="","",ROUND(Q40/$Q$11*100,2)),"") | S40: =IFERROR(IF(R40="","",ROUND(R40*$S$11,2)),"") | W40: =IF(COUNT($T40:$V40)=0,"",SUM($T40:$V40)) | X40: =IFERROR(IF(W40="","",ROUND((($T40/$T$11)*30 + ($U40/$U$11)*30 + ($V40/$V$11)*40),2)),"") | Y40: =IFERROR(IF(X40="","",ROUND(X40*$Y$11,2)),"") | Z40: =IFERROR(M40+S40+Y40,"") | AA40: =IFERROR(VLOOKUP(Z40,'Helper(IMPORTANT!)'!$CQ$1:$CR$41,2,TRUE),"") | AB40: {=IF(AA40="", "", _xlfn.IFS(AA40>=90, "A", AA40>=80, "B", AA40>=75, "C", AA40>=65, "D", AA40>=0, "E"))}
A41: 29 | B41: ='INPUT DATA'!L39 | K41: =IF(COUNT($F41:$J41)=0,"",SUM($F41:$J41)) | L41: =IFERROR(IF(K41="","",ROUND(K41/$K$11*100,2)),"") | M41: =IFERROR(IF(L41="","",ROUND(L41*$M$11,2)),"") | Q41: =IF(COUNT($N41:$P41)=0,"",SUM($N41:$P41)) | R41: =IFERROR(IF(Q41="","",ROUND(Q41/$Q$11*100,2)),"") | S41: =IFERROR(IF(R41="","",ROUND(R41*$S$11,2)),"") | W41: =IF(COUNT($T41:$V41)=0,"",SUM($T41:$V41)) | X41: =IFERROR(IF(W41="","",ROUND((($T41/$T$11)*30 + ($U41/$U$11)*30 + ($V41/$V$11)*40),2)),"") | Y41: =IFERROR(IF(X41="","",ROUND(X41*$Y$11,2)),"") | Z41: =IFERROR(M41+S41+Y41,"") | AA41: =IFERROR(VLOOKUP(Z41,'Helper(IMPORTANT!)'!$CQ$1:$CR$41,2,TRUE),"") | AB41: {=IF(AA41="", "", _xlfn.IFS(AA41>=90, "A", AA41>=80, "B", AA41>=75, "C", AA41>=65, "D", AA41>=0, "E"))}
A42: 30 | B42: ='INPUT DATA'!L40 | K42: =IF(COUNT($F42:$J42)=0,"",SUM($F42:$J42)) | L42: =IFERROR(IF(K42="","",ROUND(K42/$K$11*100,2)),"") | M42: =IFERROR(IF(L42="","",ROUND(L42*$M$11,2)),"") | Q42: =IF(COUNT($N42:$P42)=0,"",SUM($N42:$P42)) | R42: =IFERROR(IF(Q42="","",ROUND(Q42/$Q$11*100,2)),"") | S42: =IFERROR(IF(R42="","",ROUND(R42*$S$11,2)),"") | W42: =IF(COUNT($T42:$V42)=0,"",SUM($T42:$V42)) | X42: =IFERROR(IF(W42="","",ROUND((($T42/$T$11)*30 + ($U42/$U$11)*30 + ($V42/$V$11)*40),2)),"") | Y42: =IFERROR(IF(X42="","",ROUND(X42*$Y$11,2)),"") | Z42: =IFERROR(M42+S42+Y42,"") | AA42: =IFERROR(VLOOKUP(Z42,'Helper(IMPORTANT!)'!$CQ$1:$CR$41,2,TRUE),"") | AB42: {=IF(AA42="", "", _xlfn.IFS(AA42>=90, "A", AA42>=80, "B", AA42>=75, "C", AA42>=65, "D", AA42>=0, "E"))}
A43: 31 | B43: ='INPUT DATA'!L41 | K43: =IF(COUNT($F43:$J43)=0,"",SUM($F43:$J43)) | L43: =IFERROR(IF(K43="","",ROUND(K43/$K$11*100,2)),"") | M43: =IFERROR(IF(L43="","",ROUND(L43*$M$11,2)),"") | Q43: =IF(COUNT($N43:$P43)=0,"",SUM($N43:$P43)) | R43: =IFERROR(IF(Q43="","",ROUND(Q43/$Q$11*100,2)),"") | S43: =IFERROR(IF(R43="","",ROUND(R43*$S$11,2)),"") | W43: =IF(COUNT($T43:$V43)=0,"",SUM($T43:$V43)) | X43: =IFERROR(IF(W43="","",ROUND((($T43/$T$11)*30 + ($U43/$U$11)*30 + ($V43/$V$11)*40),2)),"") | Y43: =IFERROR(IF(X43="","",ROUND(X43*$Y$11,2)),"") | Z43: =IFERROR(M43+S43+Y43,"") | AA43: =IFERROR(VLOOKUP(Z43,'Helper(IMPORTANT!)'!$CQ$1:$CR$41,2,TRUE),"") | AB43: {=IF(AA43="", "", _xlfn.IFS(AA43>=90, "A", AA43>=80, "B", AA43>=75, "C", AA43>=65, "D", AA43>=0, "E"))}
A44: 32 | B44: ='INPUT DATA'!L42 | K44: =IF(COUNT($F44:$J44)=0,"",SUM($F44:$J44)) | L44: =IFERROR(IF(K44="","",ROUND(K44/$K$11*100,2)),"") | M44: =IFERROR(IF(L44="","",ROUND(L44*$M$11,2)),"") | Q44: =IF(COUNT($N44:$P44)=0,"",SUM($N44:$P44)) | R44: =IFERROR(IF(Q44="","",ROUND(Q44/$Q$11*100,2)),"") | S44: =IFERROR(IF(R44="","",ROUND(R44*$S$11,2)),"") | W44: =IF(COUNT($T44:$V44)=0,"",SUM($T44:$V44)) | X44: =IFERROR(IF(W44="","",ROUND((($T44/$T$11)*30 + ($U44/$U$11)*30 + ($V44/$V$11)*40),2)),"") | Y44: =IFERROR(IF(X44="","",ROUND(X44*$Y$11,2)),"") | Z44: =IFERROR(M44+S44+Y44,"") | AA44: =IFERROR(VLOOKUP(Z44,'Helper(IMPORTANT!)'!$CQ$1:$CR$41,2,TRUE),"") | AB44: {=IF(AA44="", "", _xlfn.IFS(AA44>=90, "A", AA44>=80, "B", AA44>=75, "C", AA44>=65, "D", AA44>=0, "E"))}
A45: 33 | B45: ='INPUT DATA'!L43 | K45: =IF(COUNT($F45:$J45)=0,"",SUM($F45:$J45)) | L45: =IFERROR(IF(K45="","",ROUND(K45/$K$11*100,2)),"") | M45: =IFERROR(IF(L45="","",ROUND(L45*$M$11,2)),"") | Q45: =IF(COUNT($N45:$P45)=0,"",SUM($N45:$P45)) | R45: =IFERROR(IF(Q45="","",ROUND(Q45/$Q$11*100,2)),"") | S45: =IFERROR(IF(R45="","",ROUND(R45*$S$11,2)),"") | W45: =IF(COUNT($T45:$V45)=0,"",SUM($T45:$V45)) | X45: =IFERROR(IF(W45="","",ROUND((($T45/$T$11)*30 + ($U45/$U$11)*30 + ($V45/$V$11)*40),2)),"") | Y45: =IFERROR(IF(X45="","",ROUND(X45*$Y$11,2)),"") | Z45: =IFERROR(M45+S45+Y45,"") | AA45: =IFERROR(VLOOKUP(Z45,'Helper(IMPORTANT!)'!$CQ$1:$CR$41,2,TRUE),"") | AB45: {=IF(AA45="", "", _xlfn.IFS(AA45>=90, "A", AA45>=80, "B", AA45>=75, "C", AA45>=65, "D", AA45>=0, "E"))}
A46: 34 | B46: ='INPUT DATA'!L44 | K46: =IF(COUNT($F46:$J46)=0,"",SUM($F46:$J46)) | L46: =IFERROR(IF(K46="","",ROUND(K46/$K$11*100,2)),"") | M46: =IFERROR(IF(L46="","",ROUND(L46*$M$11,2)),"") | Q46: =IF(COUNT($N46:$P46)=0,"",SUM($N46:$P46)) | R46: =IFERROR(IF(Q46="","",ROUND(Q46/$Q$11*100,2)),"") | S46: =IFERROR(IF(R46="","",ROUND(R46*$S$11,2)),"") | W46: =IF(COUNT($T46:$V46)=0,"",SUM($T46:$V46)) | X46: =IFERROR(IF(W46="","",ROUND((($T46/$T$11)*30 + ($U46/$U$11)*30 + ($V46/$V$11)*40),2)),"") | Y46: =IFERROR(IF(X46="","",ROUND(X46*$Y$11,2)),"") | Z46: =IFERROR(M46+S46+Y46,"") | AA46: =IFERROR(VLOOKUP(Z46,'Helper(IMPORTANT!)'!$CQ$1:$CR$41,2,TRUE),"") | AB46: {=IF(AA46="", "", _xlfn.IFS(AA46>=90, "A", AA46>=80, "B", AA46>=75, "C", AA46>=65, "D", AA46>=0, "E"))}
A47: 35 | B47: ='INPUT DATA'!L45 | K47: =IF(COUNT($F47:$J47)=0,"",SUM($F47:$J47)) | L47: =IFERROR(IF(K47="","",ROUND(K47/$K$11*100,2)),"") | M47: =IFERROR(IF(L47="","",ROUND(L47*$M$11,2)),"") | Q47: =IF(COUNT($N47:$P47)=0,"",SUM($N47:$P47)) | R47: =IFERROR(IF(Q47="","",ROUND(Q47/$Q$11*100,2)),"") | S47: =IFERROR(IF(R47="","",ROUND(R47*$S$11,2)),"") | W47: =IF(COUNT($T47:$V47)=0,"",SUM($T47:$V47)) | X47: =IFERROR(IF(W47="","",ROUND((($T47/$T$11)*30 + ($U47/$U$11)*30 + ($V47/$V$11)*40),2)),"") | Y47: =IFERROR(IF(X47="","",ROUND(X47*$Y$11,2)),"") | Z47: =IFERROR(M47+S47+Y47,"") | AA47: =IFERROR(VLOOKUP(Z47,'Helper(IMPORTANT!)'!$CQ$1:$CR$41,2,TRUE),"") | AB47: {=IF(AA47="", "", _xlfn.IFS(AA47>=90, "A", AA47>=80, "B", AA47>=75, "C", AA47>=65, "D", AA47>=0, "E"))}
A48: 36 | B48: ='INPUT DATA'!L46 | K48: =IF(COUNT($F48:$J48)=0,"",SUM($F48:$J48)) | L48: =IFERROR(IF(K48="","",ROUND(K48/$K$11*100,2)),"") | M48: =IFERROR(IF(L48="","",ROUND(L48*$M$11,2)),"") | Q48: =IF(COUNT($N48:$P48)=0,"",SUM($N48:$P48)) | R48: =IFERROR(IF(Q48="","",ROUND(Q48/$Q$11*100,2)),"") | S48: =IFERROR(IF(R48="","",ROUND(R48*$S$11,2)),"") | W48: =IF(COUNT($T48:$V48)=0,"",SUM($T48:$V48)) | X48: =IFERROR(IF(W48="","",ROUND((($T48/$T$11)*30 + ($U48/$U$11)*30 + ($V48/$V$11)*40),2)),"") | Y48: =IFERROR(IF(X48="","",ROUND(X48*$Y$11,2)),"") | Z48: =IFERROR(M48+S48+Y48,"") | AA48: =IFERROR(VLOOKUP(Z48,'Helper(IMPORTANT!)'!$CQ$1:$CR$41,2,TRUE),"") | AB48: {=IF(AA48="", "", _xlfn.IFS(AA48>=90, "A", AA48>=80, "B", AA48>=75, "C", AA48>=65, "D", AA48>=0, "E"))}
A49: 37 | B49: ='INPUT DATA'!L47 | K49: =IF(COUNT($F49:$J49)=0,"",SUM($F49:$J49)) | L49: =IFERROR(IF(K49="","",ROUND(K49/$K$11*100,2)),"") | M49: =IFERROR(IF(L49="","",ROUND(L49*$M$11,2)),"") | Q49: =IF(COUNT($N49:$P49)=0,"",SUM($N49:$P49)) | R49: =IFERROR(IF(Q49="","",ROUND(Q49/$Q$11*100,2)),"") | S49: =IFERROR(IF(R49="","",ROUND(R49*$S$11,2)),"") | W49: =IF(COUNT($T49:$V49)=0,"",SUM($T49:$V49)) | X49: =IFERROR(IF(W49="","",ROUND((($T49/$T$11)*30 + ($U49/$U$11)*30 + ($V49/$V$11)*40),2)),"") | Y49: =IFERROR(IF(X49="","",ROUND(X49*$Y$11,2)),"") | Z49: =IFERROR(M49+S49+Y49,"") | AA49: =IFERROR(VLOOKUP(Z49,'Helper(IMPORTANT!)'!$CQ$1:$CR$41,2,TRUE),"") | AB49: {=IF(AA49="", "", _xlfn.IFS(AA49>=90, "A", AA49>=80, "B", AA49>=75, "C", AA49>=65, "D", AA49>=0, "E"))}
A50: 38 | B50: ='INPUT DATA'!L48 | K50: =IF(COUNT($F50:$J50)=0,"",SUM($F50:$J50)) | L50: =IFERROR(IF(K50="","",ROUND(K50/$K$11*100,2)),"") | M50: =IFERROR(IF(L50="","",ROUND(L50*$M$11,2)),"") | Q50: =IF(COUNT($N50:$P50)=0,"",SUM($N50:$P50)) | R50: =IFERROR(IF(Q50="","",ROUND(Q50/$Q$11*100,2)),"") | S50: =IFERROR(IF(R50="","",ROUND(R50*$S$11,2)),"") | W50: =IF(COUNT($T50:$V50)=0,"",SUM($T50:$V50)) | X50: =IFERROR(IF(W50="","",ROUND((($T50/$T$11)*30 + ($U50/$U$11)*30 + ($V50/$V$11)*40),2)),"") | Y50: =IFERROR(IF(X50="","",ROUND(X50*$Y$11,2)),"") | Z50: =IFERROR(M50+S50+Y50,"") | AA50: =IFERROR(VLOOKUP(Z50,'Helper(IMPORTANT!)'!$CQ$1:$CR$41,2,TRUE),"") | AB50: {=IF(AA50="", "", _xlfn.IFS(AA50>=90, "A", AA50>=80, "B", AA50>=75, "C", AA50>=65, "D", AA50>=0, "E"))}
A51: 39 | B51: ='INPUT DATA'!L49 | K51: =IF(COUNT($F51:$J51)=0,"",SUM($F51:$J51)) | L51: =IFERROR(IF(K51="","",ROUND(K51/$K$11*100,2)),"") | M51: =IFERROR(IF(L51="","",ROUND(L51*$M$11,2)),"") | Q51: =IF(COUNT($N51:$P51)=0,"",SUM($N51:$P51)) | R51: =IFERROR(IF(Q51="","",ROUND(Q51/$Q$11*100,2)),"") | S51: =IFERROR(IF(R51="","",ROUND(R51*$S$11,2)),"") | W51: =IF(COUNT($T51:$V51)=0,"",SUM($T51:$V51)) | X51: =IFERROR(IF(W51="","",ROUND((($T51/$T$11)*30 + ($U51/$U$11)*30 + ($V51/$V$11)*40),2)),"") | Y51: =IFERROR(IF(X51="","",ROUND(X51*$Y$11,2)),"") | Z51: =IFERROR(M51+S51+Y51,"") | AA51: =IFERROR(VLOOKUP(Z51,'Helper(IMPORTANT!)'!$CQ$1:$CR$41,2,TRUE),"") | AB51: {=IF(AA51="", "", _xlfn.IFS(AA51>=90, "A", AA51>=80, "B", AA51>=75, "C", AA51>=65, "D", AA51>=0, "E"))}
... A62: 50 | B62: ='INPUT DATA'!L60 | K62: =IF(COUNT($F62:$J62)=0,"",SUM($F62:$J62)) | L62: =IFERROR(IF(K62="","",ROUND(K62/$K$11*100,2)),"") | M62: =IFERROR(IF(L62="","",ROUND(L62*$M$11,2)),"") | Q62: =IF(COUNT($N62:$P62)=0,"",SUM($N62:$P62)) | R62: =IFERROR(IF(Q62="","",ROUND(Q62/$Q$11*100,2)),"") | S62: =IFERROR(IF(R62="","",ROUND(R62*$S$11,2)),"") | W62: =IF(COUNT($T62:$V62)=0,"",SUM($T62:$V62)) | X62: =IFERROR(IF(W62="","",ROUND((($T62/$T$11)*30 + ($U62/$U$11)*30 + ($V62/$V$11)*40),2)),"") | Y62: =IFERROR(IF(X62="","",ROUND(X62*$Y$11,2)),"") | Z62: =IFERROR(M62+S62+Y62,"") | AA62: =IFERROR(VLOOKUP(Z62,'Helper(IMPORTANT!)'!$CQ$1:$CR$41,2,TRUE),"") | AB62: {=IF(AA62="", "", _xlfn.IFS(AA62>=90, "A", AA62>=80, "B", AA62>=75, "C", AA62>=65, "D", AA62>=0, "E"))}
A63: FEMALE
A64: 1 | B64: ='INPUT DATA'!O11 | K64: =IF(COUNT($F64:$J64)=0,"",SUM($F64:$J64)) | L64: =IFERROR(IF(K64="","",ROUND(K64/$K$11*100,2)),"") | M64: =IFERROR(IF(L64="","",ROUND(L64*$M$11,2)),"") | Q64: =IF(COUNT($N64:$P64)=0,"",SUM($N64:$P64)) | R64: =IFERROR(IF(Q64="","",ROUND(Q64/$Q$11*100,2)),"") | S64: =IFERROR(IF(R64="","",ROUND(R64*$S$11,2)),"") | T64: 35 | W64: =IF(COUNT($T64:$V64)=0,"",SUM($T64:$V64)) | X64: =IFERROR(IF(W64="","",ROUND((($T64/$T$11)*30 + ($U64/$U$11)*30 + ($V64/$V$11)*40),2)),"") | Y64: =IFERROR(IF(X64="","",ROUND(X64*$Y$11,2)),"") | Z64: =IFERROR(M64+S64+Y64,"") | AA64: =IFERROR(VLOOKUP(Z64,'Helper(IMPORTANT!)'!$CQ$1:$CR$41,2,TRUE),"") | AB64: {=IF(AA64="", "", _xlfn.IFS(AA64>=90, "A", AA64>=80, "B", AA64>=75, "C", AA64>=65, "D", AA64>=0, "E"))}
A65: 2 | B65: ='INPUT DATA'!O12 | K65: =IF(COUNT($F65:$J65)=0,"",SUM($F65:$J65)) | L65: =IFERROR(IF(K65="","",ROUND(K65/$K$11*100,2)),"") | M65: =IFERROR(IF(L65="","",ROUND(L65*$M$11,2)),"") | Q65: =IF(COUNT($N65:$P65)=0,"",SUM($N65:$P65)) | R65: =IFERROR(IF(Q65="","",ROUND(Q65/$Q$11*100,2)),"") | S65: =IFERROR(IF(R65="","",ROUND(R65*$S$11,2)),"") | T65: 29 | W65: =IF(COUNT($T65:$V65)=0,"",SUM($T65:$V65)) | X65: =IFERROR(IF(W65="","",ROUND((($T65/$T$11)*30 + ($U65/$U$11)*30 + ($V65/$V$11)*40),2)),"") | Y65: =IFERROR(IF(X65="","",ROUND(X65*$Y$11,2)),"") | Z65: =IFERROR(M65+S65+Y65,"") | AA65: =IFERROR(VLOOKUP(Z65,'Helper(IMPORTANT!)'!$CQ$1:$CR$41,2,TRUE),"") | AB65: {=IF(AA65="", "", _xlfn.IFS(AA65>=90, "A", AA65>=80, "B", AA65>=75, "C", AA65>=65, "D", AA65>=0, "E"))}
A66: 3 | B66: ='INPUT DATA'!O13 | K66: =IF(COUNT($F66:$J66)=0,"",SUM($F66:$J66)) | L66: =IFERROR(IF(K66="","",ROUND(K66/$K$11*100,2)),"") | M66: =IFERROR(IF(L66="","",ROUND(L66*$M$11,2)),"") | Q66: =IF(COUNT($N66:$P66)=0,"",SUM($N66:$P66)) | R66: =IFERROR(IF(Q66="","",ROUND(Q66/$Q$11*100,2)),"") | S66: =IFERROR(IF(R66="","",ROUND(R66*$S$11,2)),"") | T66: 34 | W66: =IF(COUNT($T66:$V66)=0,"",SUM($T66:$V66)) | X66: =IFERROR(IF(W66="","",ROUND((($T66/$T$11)*30 + ($U66/$U$11)*30 + ($V66/$V$11)*40),2)),"") | Y66: =IFERROR(IF(X66="","",ROUND(X66*$Y$11,2)),"") | Z66: =IFERROR(M66+S66+Y66,"") | AA66: =IFERROR(VLOOKUP(Z66,'Helper(IMPORTANT!)'!$CQ$1:$CR$41,2,TRUE),"") | AB66: {=IF(AA66="", "", _xlfn.IFS(AA66>=90, "A", AA66>=80, "B", AA66>=75, "C", AA66>=65, "D", AA66>=0, "E"))}
A67: 4 | B67: ='INPUT DATA'!O14 | K67: =IF(COUNT($F67:$J67)=0,"",SUM($F67:$J67)) | L67: =IFERROR(IF(K67="","",ROUND(K67/$K$11*100,2)),"") | M67: =IFERROR(IF(L67="","",ROUND(L67*$M$11,2)),"") | Q67: =IF(COUNT($N67:$P67)=0,"",SUM($N67:$P67)) | R67: =IFERROR(IF(Q67="","",ROUND(Q67/$Q$11*100,2)),"") | S67: =IFERROR(IF(R67="","",ROUND(R67*$S$11,2)),"") | T67: 35 | W67: =IF(COUNT($T67:$V67)=0,"",SUM($T67:$V67)) | X67: =IFERROR(IF(W67="","",ROUND((($T67/$T$11)*30 + ($U67/$U$11)*30 + ($V67/$V$11)*40),2)),"") | Y67: =IFERROR(IF(X67="","",ROUND(X67*$Y$11,2)),"") | Z67: =IFERROR(M67+S67+Y67,"") | AA67: =IFERROR(VLOOKUP(Z67,'Helper(IMPORTANT!)'!$CQ$1:$CR$41,2,TRUE),"") | AB67: {=IF(AA67="", "", _xlfn.IFS(AA67>=90, "A", AA67>=80, "B", AA67>=75, "C", AA67>=65, "D", AA67>=0, "E"))}
A68: 5 | B68: ='INPUT DATA'!O15 | K68: =IF(COUNT($F68:$J68)=0,"",SUM($F68:$J68)) | L68: =IFERROR(IF(K68="","",ROUND(K68/$K$11*100,2)),"") | M68: =IFERROR(IF(L68="","",ROUND(L68*$M$11,2)),"") | Q68: =IF(COUNT($N68:$P68)=0,"",SUM($N68:$P68)) | R68: =IFERROR(IF(Q68="","",ROUND(Q68/$Q$11*100,2)),"") | S68: =IFERROR(IF(R68="","",ROUND(R68*$S$11,2)),"") | T68: 35 | W68: =IF(COUNT($T68:$V68)=0,"",SUM($T68:$V68)) | X68: =IFERROR(IF(W68="","",ROUND((($T68/$T$11)*30 + ($U68/$U$11)*30 + ($V68/$V$11)*40),2)),"") | Y68: =IFERROR(IF(X68="","",ROUND(X68*$Y$11,2)),"") | Z68: =IFERROR(M68+S68+Y68,"") | AA68: =IFERROR(VLOOKUP(Z68,'Helper(IMPORTANT!)'!$CQ$1:$CR$41,2,TRUE),"") | AB68: {=IF(AA68="", "", _xlfn.IFS(AA68>=90, "A", AA68>=80, "B", AA68>=75, "C", AA68>=65, "D", AA68>=0, "E"))}
A69: 6 | B69: ='INPUT DATA'!O16 | K69: =IF(COUNT($F69:$J69)=0,"",SUM($F69:$J69)) | L69: =IFERROR(IF(K69="","",ROUND(K69/$K$11*100,2)),"") | M69: =IFERROR(IF(L69="","",ROUND(L69*$M$11,2)),"") | Q69: =IF(COUNT($N69:$P69)=0,"",SUM($N69:$P69)) | R69: =IFERROR(IF(Q69="","",ROUND(Q69/$Q$11*100,2)),"") | S69: =IFERROR(IF(R69="","",ROUND(R69*$S$11,2)),"") | T69: 29 | W69: =IF(COUNT($T69:$V69)=0,"",SUM($T69:$V69)) | X69: =IFERROR(IF(W69="","",ROUND((($T69/$T$11)*30 + ($U69/$U$11)*30 + ($V69/$V$11)*40),2)),"") | Y69: =IFERROR(IF(X69="","",ROUND(X69*$Y$11,2)),"") | Z69: =IFERROR(M69+S69+Y69,"") | AA69: =IFERROR(VLOOKUP(Z69,'Helper(IMPORTANT!)'!$CQ$1:$CR$41,2,TRUE),"") | AB69: {=IF(AA69="", "", _xlfn.IFS(AA69>=90, "A", AA69>=80, "B", AA69>=75, "C", AA69>=65, "D", AA69>=0, "E"))}
A70: 7 | B70: ='INPUT DATA'!O17 | K70: =IF(COUNT($F70:$J70)=0,"",SUM($F70:$J70)) | L70: =IFERROR(IF(K70="","",ROUND(K70/$K$11*100,2)),"") | M70: =IFERROR(IF(L70="","",ROUND(L70*$M$11,2)),"") | Q70: =IF(COUNT($N70:$P70)=0,"",SUM($N70:$P70)) | R70: =IFERROR(IF(Q70="","",ROUND(Q70/$Q$11*100,2)),"") | S70: =IFERROR(IF(R70="","",ROUND(R70*$S$11,2)),"") | W70: =IF(COUNT($T70:$V70)=0,"",SUM($T70:$V70)) | X70: =IFERROR(IF(W70="","",ROUND((($T70/$T$11)*30 + ($U70/$U$11)*30 + ($V70/$V$11)*40),2)),"") | Y70: =IFERROR(IF(X70="","",ROUND(X70*$Y$11,2)),"") | Z70: =IFERROR(M70+S70+Y70,"") | AA70: =IFERROR(VLOOKUP(Z70,'Helper(IMPORTANT!)'!$CQ$1:$CR$41,2,TRUE),"") | AB70: {=IF(AA70="", "", _xlfn.IFS(AA70>=90, "A", AA70>=80, "B", AA70>=75, "C", AA70>=65, "D", AA70>=0, "E"))}
A71: 8 | B71: ='INPUT DATA'!O18 | K71: =IF(COUNT($F71:$J71)=0,"",SUM($F71:$J71)) | L71: =IFERROR(IF(K71="","",ROUND(K71/$K$11*100,2)),"") | M71: =IFERROR(IF(L71="","",ROUND(L71*$M$11,2)),"") | Q71: =IF(COUNT($N71:$P71)=0,"",SUM($N71:$P71)) | R71: =IFERROR(IF(Q71="","",ROUND(Q71/$Q$11*100,2)),"") | S71: =IFERROR(IF(R71="","",ROUND(R71*$S$11,2)),"") | W71: =IF(COUNT($T71:$V71)=0,"",SUM($T71:$V71)) | X71: =IFERROR(IF(W71="","",ROUND((($T71/$T$11)*30 + ($U71/$U$11)*30 + ($V71/$V$11)*40),2)),"") | Y71: =IFERROR(IF(X71="","",ROUND(X71*$Y$11,2)),"") | Z71: =IFERROR(M71+S71+Y71,"") | AA71: =IFERROR(VLOOKUP(Z71,'Helper(IMPORTANT!)'!$CQ$1:$CR$41,2,TRUE),"") | AB71: {=IF(AA71="", "", _xlfn.IFS(AA71>=90, "A", AA71>=80, "B", AA71>=75, "C", AA71>=65, "D", AA71>=0, "E"))}
A72: 9 | B72: ='INPUT DATA'!O19 | K72: =IF(COUNT($F72:$J72)=0,"",SUM($F72:$J72)) | L72: =IFERROR(IF(K72="","",ROUND(K72/$K$11*100,2)),"") | M72: =IFERROR(IF(L72="","",ROUND(L72*$M$11,2)),"") | Q72: =IF(COUNT($N72:$P72)=0,"",SUM($N72:$P72)) | R72: =IFERROR(IF(Q72="","",ROUND(Q72/$Q$11*100,2)),"") | S72: =IFERROR(IF(R72="","",ROUND(R72*$S$11,2)),"") | W72: =IF(COUNT($T72:$V72)=0,"",SUM($T72:$V72)) | X72: =IFERROR(IF(W72="","",ROUND((($T72/$T$11)*30 + ($U72/$U$11)*30 + ($V72/$V$11)*40),2)),"") | Y72: =IFERROR(IF(X72="","",ROUND(X72*$Y$11,2)),"") | Z72: =IFERROR(M72+S72+Y72,"") | AA72: =IFERROR(VLOOKUP(Z72,'Helper(IMPORTANT!)'!$CQ$1:$CR$41,2,TRUE),"") | AB72: {=IF(AA72="", "", _xlfn.IFS(AA72>=90, "A", AA72>=80, "B", AA72>=75, "C", AA72>=65, "D", AA72>=0, "E"))}
A73: 10 | B73: ='INPUT DATA'!O20 | K73: =IF(COUNT($F73:$J73)=0,"",SUM($F73:$J73)) | L73: =IFERROR(IF(K73="","",ROUND(K73/$K$11*100,2)),"") | M73: =IFERROR(IF(L73="","",ROUND(L73*$M$11,2)),"") | Q73: =IF(COUNT($N73:$P73)=0,"",SUM($N73:$P73)) | R73: =IFERROR(IF(Q73="","",ROUND(Q73/$Q$11*100,2)),"") | S73: =IFERROR(IF(R73="","",ROUND(R73*$S$11,2)),"") | W73: =IF(COUNT($T73:$V73)=0,"",SUM($T73:$V73)) | X73: =IFERROR(IF(W73="","",ROUND((($T73/$T$11)*30 + ($U73/$U$11)*30 + ($V73/$V$11)*40),2)),"") | Y73: =IFERROR(IF(X73="","",ROUND(X73*$Y$11,2)),"") | Z73: =IFERROR(M73+S73+Y73,"") | AA73: =IFERROR(VLOOKUP(Z73,'Helper(IMPORTANT!)'!$CQ$1:$CR$41,2,TRUE),"") | AB73: {=IF(AA73="", "", _xlfn.IFS(AA73>=90, "A", AA73>=80, "B", AA73>=75, "C", AA73>=65, "D", AA73>=0, "E"))}
A74: 11 | B74: ='INPUT DATA'!O21 | K74: =IF(COUNT($F74:$J74)=0,"",SUM($F74:$J74)) | L74: =IFERROR(IF(K74="","",ROUND(K74/$K$11*100,2)),"") | M74: =IFERROR(IF(L74="","",ROUND(L74*$M$11,2)),"") | Q74: =IF(COUNT($N74:$P74)=0,"",SUM($N74:$P74)) | R74: =IFERROR(IF(Q74="","",ROUND(Q74/$Q$11*100,2)),"") | S74: =IFERROR(IF(R74="","",ROUND(R74*$S$11,2)),"") | W74: =IF(COUNT($T74:$V74)=0,"",SUM($T74:$V74)) | X74: =IFERROR(IF(W74="","",ROUND((($T74/$T$11)*30 + ($U74/$U$11)*30 + ($V74/$V$11)*40),2)),"") | Y74: =IFERROR(IF(X74="","",ROUND(X74*$Y$11,2)),"") | Z74: =IFERROR(M74+S74+Y74,"") | AA74: =IFERROR(VLOOKUP(Z74,'Helper(IMPORTANT!)'!$CQ$1:$CR$41,2,TRUE),"") | AB74: {=IF(AA74="", "", _xlfn.IFS(AA74>=90, "A", AA74>=80, "B", AA74>=75, "C", AA74>=65, "D", AA74>=0, "E"))}
A75: 12 | B75: ='INPUT DATA'!O22 | K75: =IF(COUNT($F75:$J75)=0,"",SUM($F75:$J75)) | L75: =IFERROR(IF(K75="","",ROUND(K75/$K$11*100,2)),"") | M75: =IFERROR(IF(L75="","",ROUND(L75*$M$11,2)),"") | Q75: =IF(COUNT($N75:$P75)=0,"",SUM($N75:$P75)) | R75: =IFERROR(IF(Q75="","",ROUND(Q75/$Q$11*100,2)),"") | S75: =IFERROR(IF(R75="","",ROUND(R75*$S$11,2)),"") | W75: =IF(COUNT($T75:$V75)=0,"",SUM($T75:$V75)) | X75: =IFERROR(IF(W75="","",ROUND((($T75/$T$11)*30 + ($U75/$U$11)*30 + ($V75/$V$11)*40),2)),"") | Y75: =IFERROR(IF(X75="","",ROUND(X75*$Y$11,2)),"") | Z75: =IFERROR(M75+S75+Y75,"") | AA75: =IFERROR(VLOOKUP(Z75,'Helper(IMPORTANT!)'!$CQ$1:$CR$41,2,TRUE),"") | AB75: {=IF(AA75="", "", _xlfn.IFS(AA75>=90, "A", AA75>=80, "B", AA75>=75, "C", AA75>=65, "D", AA75>=0, "E"))}
A76: 13 | B76: ='INPUT DATA'!O23 | K76: =IF(COUNT($F76:$J76)=0,"",SUM($F76:$J76)) | L76: =IFERROR(IF(K76="","",ROUND(K76/$K$11*100,2)),"") | M76: =IFERROR(IF(L76="","",ROUND(L76*$M$11,2)),"") | Q76: =IF(COUNT($N76:$P76)=0,"",SUM($N76:$P76)) | R76: =IFERROR(IF(Q76="","",ROUND(Q76/$Q$11*100,2)),"") | S76: =IFERROR(IF(R76="","",ROUND(R76*$S$11,2)),"") | W76: =IF(COUNT($T76:$V76)=0,"",SUM($T76:$V76)) | X76: =IFERROR(IF(W76="","",ROUND((($T76/$T$11)*30 + ($U76/$U$11)*30 + ($V76/$V$11)*40),2)),"") | Y76: =IFERROR(IF(X76="","",ROUND(X76*$Y$11,2)),"") | Z76: =IFERROR(M76+S76+Y76,"") | AA76: =IFERROR(VLOOKUP(Z76,'Helper(IMPORTANT!)'!$CQ$1:$CR$41,2,TRUE),"") | AB76: {=IF(AA76="", "", _xlfn.IFS(AA76>=90, "A", AA76>=80, "B", AA76>=75, "C", AA76>=65, "D", AA76>=0, "E"))}
A77: 14 | B77: ='INPUT DATA'!O24 | K77: =IF(COUNT($F77:$J77)=0,"",SUM($F77:$J77)) | L77: =IFERROR(IF(K77="","",ROUND(K77/$K$11*100,2)),"") | M77: =IFERROR(IF(L77="","",ROUND(L77*$M$11,2)),"") | Q77: =IF(COUNT($N77:$P77)=0,"",SUM($N77:$P77)) | R77: =IFERROR(IF(Q77="","",ROUND(Q77/$Q$11*100,2)),"") | S77: =IFERROR(IF(R77="","",ROUND(R77*$S$11,2)),"") | W77: =IF(COUNT($T77:$V77)=0,"",SUM($T77:$V77)) | X77: =IFERROR(IF(W77="","",ROUND((($T77/$T$11)*30 + ($U77/$U$11)*30 + ($V77/$V$11)*40),2)),"") | Y77: =IFERROR(IF(X77="","",ROUND(X77*$Y$11,2)),"") | Z77: =IFERROR(M77+S77+Y77,"") | AA77: =IFERROR(VLOOKUP(Z77,'Helper(IMPORTANT!)'!$CQ$1:$CR$41,2,TRUE),"") | AB77: {=IF(AA77="", "", _xlfn.IFS(AA77>=90, "A", AA77>=80, "B", AA77>=75, "C", AA77>=65, "D", AA77>=0, "E"))}
A78: 15 | B78: ='INPUT DATA'!O25 | K78: =IF(COUNT($F78:$J78)=0,"",SUM($F78:$J78)) | L78: =IFERROR(IF(K78="","",ROUND(K78/$K$11*100,2)),"") | M78: =IFERROR(IF(L78="","",ROUND(L78*$M$11,2)),"") | Q78: =IF(COUNT($N78:$P78)=0,"",SUM($N78:$P78)) | R78: =IFERROR(IF(Q78="","",ROUND(Q78/$Q$11*100,2)),"") | S78: =IFERROR(IF(R78="","",ROUND(R78*$S$11,2)),"") | W78: =IF(COUNT($T78:$V78)=0,"",SUM($T78:$V78)) | X78: =IFERROR(IF(W78="","",ROUND((($T78/$T$11)*30 + ($U78/$U$11)*30 + ($V78/$V$11)*40),2)),"") | Y78: =IFERROR(IF(X78="","",ROUND(X78*$Y$11,2)),"") | Z78: =IFERROR(M78+S78+Y78,"") | AA78: =IFERROR(VLOOKUP(Z78,'Helper(IMPORTANT!)'!$CQ$1:$CR$41,2,TRUE),"") | AB78: {=IF(AA78="", "", _xlfn.IFS(AA78>=90, "A", AA78>=80, "B", AA78>=75, "C", AA78>=65, "D", AA78>=0, "E"))}
A79: 16 | B79: ='INPUT DATA'!O26 | K79: =IF(COUNT($F79:$J79)=0,"",SUM($F79:$J79)) | L79: =IFERROR(IF(K79="","",ROUND(K79/$K$11*100,2)),"") | M79: =IFERROR(IF(L79="","",ROUND(L79*$M$11,2)),"") | Q79: =IF(COUNT($N79:$P79)=0,"",SUM($N79:$P79)) | R79: =IFERROR(IF(Q79="","",ROUND(Q79/$Q$11*100,2)),"") | S79: =IFERROR(IF(R79="","",ROUND(R79*$S$11,2)),"") | W79: =IF(COUNT($T79:$V79)=0,"",SUM($T79:$V79)) | X79: =IFERROR(IF(W79="","",ROUND((($T79/$T$11)*30 + ($U79/$U$11)*30 + ($V79/$V$11)*40),2)),"") | Y79: =IFERROR(IF(X79="","",ROUND(X79*$Y$11,2)),"") | Z79: =IFERROR(M79+S79+Y79,"") | AA79: =IFERROR(VLOOKUP(Z79,'Helper(IMPORTANT!)'!$CQ$1:$CR$41,2,TRUE),"") | AB79: {=IF(AA79="", "", _xlfn.IFS(AA79>=90, "A", AA79>=80, "B", AA79>=75, "C", AA79>=65, "D", AA79>=0, "E"))}
A80: 17 | B80: ='INPUT DATA'!O27 | K80: =IF(COUNT($F80:$J80)=0,"",SUM($F80:$J80)) | L80: =IFERROR(IF(K80="","",ROUND(K80/$K$11*100,2)),"") | M80: =IFERROR(IF(L80="","",ROUND(L80*$M$11,2)),"") | Q80: =IF(COUNT($N80:$P80)=0,"",SUM($N80:$P80)) | R80: =IFERROR(IF(Q80="","",ROUND(Q80/$Q$11*100,2)),"") | S80: =IFERROR(IF(R80="","",ROUND(R80*$S$11,2)),"") | W80: =IF(COUNT($T80:$V80)=0,"",SUM($T80:$V80)) | X80: =IFERROR(IF(W80="","",ROUND((($T80/$T$11)*30 + ($U80/$U$11)*30 + ($V80/$V$11)*40),2)),"") | Y80: =IFERROR(IF(X80="","",ROUND(X80*$Y$11,2)),"") | Z80: =IFERROR(M80+S80+Y80,"") | AA80: =IFERROR(VLOOKUP(Z80,'Helper(IMPORTANT!)'!$CQ$1:$CR$41,2,TRUE),"") | AB80: {=IF(AA80="", "", _xlfn.IFS(AA80>=90, "A", AA80>=80, "B", AA80>=75, "C", AA80>=65, "D", AA80>=0, "E"))}
A81: 18 | B81: ='INPUT DATA'!O28 | K81: =IF(COUNT($F81:$J81)=0,"",SUM($F81:$J81)) | L81: =IFERROR(IF(K81="","",ROUND(K81/$K$11*100,2)),"") | M81: =IFERROR(IF(L81="","",ROUND(L81*$M$11,2)),"") | Q81: =IF(COUNT($N81:$P81)=0,"",SUM($N81:$P81)) | R81: =IFERROR(IF(Q81="","",ROUND(Q81/$Q$11*100,2)),"") | S81: =IFERROR(IF(R81="","",ROUND(R81*$S$11,2)),"") | W81: =IF(COUNT($T81:$V81)=0,"",SUM($T81:$V81)) | X81: =IFERROR(IF(W81="","",ROUND((($T81/$T$11)*30 + ($U81/$U$11)*30 + ($V81/$V$11)*40),2)),"") | Y81: =IFERROR(IF(X81="","",ROUND(X81*$Y$11,2)),"") | Z81: =IFERROR(M81+S81+Y81,"") | AA81: =IFERROR(VLOOKUP(Z81,'Helper(IMPORTANT!)'!$CQ$1:$CR$41,2,TRUE),"") | AB81: {=IF(AA81="", "", _xlfn.IFS(AA81>=90, "A", AA81>=80, "B", AA81>=75, "C", AA81>=65, "D", AA81>=0, "E"))}
... A113: 50 | B113: ='INPUT DATA'!O60 | K113: =IF(COUNT($F113:$J113)=0,"",SUM($F113:$J113)) | L113: =IFERROR(IF(K113="","",ROUND(K113/$K$11*100,2)),"") | M113: =IFERROR(IF(L113="","",ROUND(L113*$M$11,2)),"") | Q113: =IF(COUNT($N113:$P113)=0,"",SUM($N113:$P113)) | R113: =IFERROR(IF(Q113="","",ROUND(Q113/$Q$11*100,2)),"") | S113: =IFERROR(IF(R113="","",ROUND(R113*$S$11,2)),"") | W113: =IF(COUNT($T113:$V113)=0,"",SUM($T113:$V113)) | X113: =IFERROR(IF(W113="","",ROUND((($T113/$T$11)*30 + ($U113/$U$11)*30 + ($V113/$V$11)*40),2)),"") | Y113: =IFERROR(IF(X113="","",ROUND(X113*$Y$11,2)),"") | Z113: =IFERROR(M113+S113+Y113,"") | AA113: =IFERROR(VLOOKUP(Z113,'Helper(IMPORTANT!)'!$CQ$1:$CR$41,2,TRUE),"") | AB113: {=IF(AA113="", "", _xlfn.IFS(AA113>=90, "A", AA113>=80, "B", AA113>=75, "C", AA113>=65, "D", AA113>=0, "E"))}

Sheet TERM 2
A1: Strengthened Senior High School Class Record
A3: (Pursuant to Deped Order 15 series of 2026)
F4: REGION | G4: ='INPUT DATA'!F10 | O4: DIVISION | R4: ='INPUT DATA'!F11
F5: SCHOOL NAME | G5: ='INPUT DATA'!F14 | O5: SCHOOL ID | R5: =IF('INPUT DATA'!F13="","", 'INPUT DATA'!F13) | W5: SCHOOL YEAR | Z5: ='INPUT DATA'!F16
A7: SECOND TERM | F7: GRADE LEVEL AND SECTION | K7: ='INPUT DATA'!F24&" - "&'INPUT DATA'!F25 | Q7: TEACHER: | S7: =IF('INPUT DATA'!F22="","", 'INPUT DATA'!F22) | X7: SUBJECT: | Z7: =IF('INPUT DATA'!F30<>"",'INPUT DATA'!F30,'INPUT DATA'!F28)
Q8: TRACK: | S8: ='INPUT DATA'!F23 | X8: SUBJECT TYPE: | Z8: ='INPUT DATA'!F26
A9: LEARNERS' NAMES | F9: =IF('INPUT DATA'!$F$26="","",INDEX('Helper(IMPORTANT!)'!$CI$2:$CI$6,MATCH(Z8,'Helper(IMPORTANT!)'!$CH$2:$CH$6,0))) | N9: =IF('INPUT DATA'!$F$26="","",INDEX('Helper(IMPORTANT!)'!$CJ$2:$CJ$6,MATCH(Z8,'Helper(IMPORTANT!)'!$CH$2:$CH$6,0))) | T9: =IF('INPUT DATA'!$F$26="","",INDEX('Helper(IMPORTANT!)'!$CK$2:$CK$6,MATCH(Z8,'Helper(IMPORTANT!)'!$CH$2:$CH$6,0))) | Z9: Initial Grade | AA9: Transmuted Grade | AB9: Letter Grade
F10: 1 | G10: 2 | H10: 3 | I10: 4 | J10: 5 | K10: Total | L10: PS | M10: WS | N10: 1 | O10: 2 | P10: 3 | Q10: Total | R10: PS | S10: WS | T10: SA1 | U10: SA2 | V10: TE | W10: Total | X10: PS | Y10: WS
A11: HIGHEST POSSIBLE SCORE | K11: =IF(COUNT($F11:$J11)=0,"",SUM($F11:$J11)) | L11: 100 | M11: =IF('INPUT DATA'!$F$26="","",INDEX('Helper(IMPORTANT!)'!$CL$2:$CL$6,MATCH(Z8,'Helper(IMPORTANT!)'!$CH$2:$CH$6,0))) | Q11: =IF(COUNT($N11:$P11)=0,"",SUM($N11:$P11)) | R11: 100 | S11: =IF('INPUT DATA'!$F$26="","",INDEX('Helper(IMPORTANT!)'!$CM$2:$CM$6,MATCH(Z8,'Helper(IMPORTANT!)'!$CH$2:$CH$6,0))) | W11: =IF(COUNT($T11:$V11)=0,"",SUM($T11:$V11)) | X11: 100 | Y11: =IF('INPUT DATA'!$F$26="","",INDEX('Helper(IMPORTANT!)'!$CN$2:$CN$6,MATCH(Z8,'Helper(IMPORTANT!)'!$CH$2:$CH$6,0)))
A12: MALE
A13: 1 | B13: ='INPUT DATA'!L11 | K13: =IF(COUNT($F13:$J13)=0,"",SUM($F13:$J13)) | L13: =IFERROR(IF(K13="","",ROUND(K13/$K$11*100,2)),"") | M13: =IFERROR(IF(L13="","",ROUND(L13*$M$11,2)),"") | Q13: =IF(COUNT($N13:$P13)=0,"",SUM($N13:$P13)) | R13: =IFERROR(IF(Q13="","",ROUND(Q13/$Q$11*100,2)),"") | S13: =IFERROR(IF(R13="","",ROUND(R13*$S$11,2)),"") | W13: =IF(COUNT($T13:$V13)=0,"",SUM($T13:$V13)) | X13: =IFERROR(IF(W13="","",ROUND((($T13/$T$11)*30 + ($U13/$U$11)*30 + ($V13/$V$11)*40),2)),"") | Y13: =IFERROR(IF(X13="","",ROUND(X13*$Y$11,2)),"") | Z13: =IFERROR(M13+S13+Y13,"") | AA13: =IFERROR(VLOOKUP(Z13,'Helper(IMPORTANT!)'!$CQ$1:$CR$41,2,TRUE),"") | AB13: {=IF(AA13="", "", _xlfn.IFS(AA13>=90, "A", AA13>=80, "B", AA13>=75, "C", AA13>=65, "D", AA13>=0, "E"))}
A14: 2 | B14: ='INPUT DATA'!L12 | K14: =IF(COUNT($F14:$J14)=0,"",SUM($F14:$J14)) | L14: =IFERROR(IF(K14="","",ROUND(K14/$K$11*100,2)),"") | M14: =IFERROR(IF(L14="","",ROUND(L14*$M$11,2)),"") | Q14: =IF(COUNT($N14:$P14)=0,"",SUM($N14:$P14)) | R14: =IFERROR(IF(Q14="","",ROUND(Q14/$Q$11*100,2)),"") | S14: =IFERROR(IF(R14="","",ROUND(R14*$S$11,2)),"") | W14: =IF(COUNT($T14:$V14)=0,"",SUM($T14:$V14)) | X14: =IFERROR(IF(W14="","",ROUND((($T14/$T$11)*30 + ($U14/$U$11)*30 + ($V14/$V$11)*40),2)),"") | Y14: =IFERROR(IF(X14="","",ROUND(X14*$Y$11,2)),"") | Z14: =IFERROR(M14+S14+Y14,"") | AA14: =IFERROR(VLOOKUP(Z14,'Helper(IMPORTANT!)'!$CQ$1:$CR$41,2,TRUE),"") | AB14: {=IF(AA14="", "", _xlfn.IFS(AA14>=90, "A", AA14>=80, "B", AA14>=75, "C", AA14>=65, "D", AA14>=0, "E"))}
A15: 3 | B15: ='INPUT DATA'!L13 | K15: =IF(COUNT($F15:$J15)=0,"",SUM($F15:$J15)) | L15: =IFERROR(IF(K15="","",ROUND(K15/$K$11*100,2)),"") | M15: =IFERROR(IF(L15="","",ROUND(L15*$M$11,2)),"") | Q15: =IF(COUNT($N15:$P15)=0,"",SUM($N15:$P15)) | R15: =IFERROR(IF(Q15="","",ROUND(Q15/$Q$11*100,2)),"") | S15: =IFERROR(IF(R15="","",ROUND(R15*$S$11,2)),"") | W15: =IF(COUNT($T15:$V15)=0,"",SUM($T15:$V15)) | X15: =IFERROR(IF(W15="","",ROUND((($T15/$T$11)*30 + ($U15/$U$11)*30 + ($V15/$V$11)*40),2)),"") | Y15: =IFERROR(IF(X15="","",ROUND(X15*$Y$11,2)),"") | Z15: =IFERROR(M15+S15+Y15,"") | AA15: =IFERROR(VLOOKUP(Z15,'Helper(IMPORTANT!)'!$CQ$1:$CR$41,2,TRUE),"") | AB15: {=IF(AA15="", "", _xlfn.IFS(AA15>=90, "A", AA15>=80, "B", AA15>=75, "C", AA15>=65, "D", AA15>=0, "E"))}
A16: 4 | B16: ='INPUT DATA'!L14 | K16: =IF(COUNT($F16:$J16)=0,"",SUM($F16:$J16)) | L16: =IFERROR(IF(K16="","",ROUND(K16/$K$11*100,2)),"") | M16: =IFERROR(IF(L16="","",ROUND(L16*$M$11,2)),"") | Q16: =IF(COUNT($N16:$P16)=0,"",SUM($N16:$P16)) | R16: =IFERROR(IF(Q16="","",ROUND(Q16/$Q$11*100,2)),"") | S16: =IFERROR(IF(R16="","",ROUND(R16*$S$11,2)),"") | W16: =IF(COUNT($T16:$V16)=0,"",SUM($T16:$V16)) | X16: =IFERROR(IF(W16="","",ROUND((($T16/$T$11)*30 + ($U16/$U$11)*30 + ($V16/$V$11)*40),2)),"") | Y16: =IFERROR(IF(X16="","",ROUND(X16*$Y$11,2)),"") | Z16: =IFERROR(M16+S16+Y16,"") | AA16: =IFERROR(VLOOKUP(Z16,'Helper(IMPORTANT!)'!$CQ$1:$CR$41,2,TRUE),"") | AB16: {=IF(AA16="", "", _xlfn.IFS(AA16>=90, "A", AA16>=80, "B", AA16>=75, "C", AA16>=65, "D", AA16>=0, "E"))}
A17: 5 | B17: ='INPUT DATA'!L15 | K17: =IF(COUNT($F17:$J17)=0,"",SUM($F17:$J17)) | L17: =IFERROR(IF(K17="","",ROUND(K17/$K$11*100,2)),"") | M17: =IFERROR(IF(L17="","",ROUND(L17*$M$11,2)),"") | Q17: =IF(COUNT($N17:$P17)=0,"",SUM($N17:$P17)) | R17: =IFERROR(IF(Q17="","",ROUND(Q17/$Q$11*100,2)),"") | S17: =IFERROR(IF(R17="","",ROUND(R17*$S$11,2)),"") | W17: =IF(COUNT($T17:$V17)=0,"",SUM($T17:$V17)) | X17: =IFERROR(IF(W17="","",ROUND((($T17/$T$11)*30 + ($U17/$U$11)*30 + ($V17/$V$11)*40),2)),"") | Y17: =IFERROR(IF(X17="","",ROUND(X17*$Y$11,2)),"") | Z17: =IFERROR(M17+S17+Y17,"") | AA17: =IFERROR(VLOOKUP(Z17,'Helper(IMPORTANT!)'!$CQ$1:$CR$41,2,TRUE),"") | AB17: {=IF(AA17="", "", _xlfn.IFS(AA17>=90, "A", AA17>=80, "B", AA17>=75, "C", AA17>=65, "D", AA17>=0, "E"))}
A18: 6 | B18: ='INPUT DATA'!L16 | K18: =IF(COUNT($F18:$J18)=0,"",SUM($F18:$J18)) | L18: =IFERROR(IF(K18="","",ROUND(K18/$K$11*100,2)),"") | M18: =IFERROR(IF(L18="","",ROUND(L18*$M$11,2)),"") | Q18: =IF(COUNT($N18:$P18)=0,"",SUM($N18:$P18)) | R18: =IFERROR(IF(Q18="","",ROUND(Q18/$Q$11*100,2)),"") | S18: =IFERROR(IF(R18="","",ROUND(R18*$S$11,2)),"") | W18: =IF(COUNT($T18:$V18)=0,"",SUM($T18:$V18)) | X18: =IFERROR(IF(W18="","",ROUND((($T18/$T$11)*30 + ($U18/$U$11)*30 + ($V18/$V$11)*40),2)),"") | Y18: =IFERROR(IF(X18="","",ROUND(X18*$Y$11,2)),"") | Z18: =IFERROR(M18+S18+Y18,"") | AA18: =IFERROR(VLOOKUP(Z18,'Helper(IMPORTANT!)'!$CQ$1:$CR$41,2,TRUE),"") | AB18: {=IF(AA18="", "", _xlfn.IFS(AA18>=90, "A", AA18>=80, "B", AA18>=75, "C", AA18>=65, "D", AA18>=0, "E"))}
A19: 7 | B19: ='INPUT DATA'!L17 | K19: =IF(COUNT($F19:$J19)=0,"",SUM($F19:$J19)) | L19: =IFERROR(IF(K19="","",ROUND(K19/$K$11*100,2)),"") | M19: =IFERROR(IF(L19="","",ROUND(L19*$M$11,2)),"") | Q19: =IF(COUNT($N19:$P19)=0,"",SUM($N19:$P19)) | R19: =IFERROR(IF(Q19="","",ROUND(Q19/$Q$11*100,2)),"") | S19: =IFERROR(IF(R19="","",ROUND(R19*$S$11,2)),"") | W19: =IF(COUNT($T19:$V19)=0,"",SUM($T19:$V19)) | X19: =IFERROR(IF(W19="","",ROUND((($T19/$T$11)*30 + ($U19/$U$11)*30 + ($V19/$V$11)*40),2)),"") | Y19: =IFERROR(IF(X19="","",ROUND(X19*$Y$11,2)),"") | Z19: =IFERROR(M19+S19+Y19,"") | AA19: =IFERROR(VLOOKUP(Z19,'Helper(IMPORTANT!)'!$CQ$1:$CR$41,2,TRUE),"") | AB19: {=IF(AA19="", "", _xlfn.IFS(AA19>=90, "A", AA19>=80, "B", AA19>=75, "C", AA19>=65, "D", AA19>=0, "E"))}
A20: 8 | B20: ='INPUT DATA'!L18 | K20: =IF(COUNT($F20:$J20)=0,"",SUM($F20:$J20)) | L20: =IFERROR(IF(K20="","",ROUND(K20/$K$11*100,2)),"") | M20: =IFERROR(IF(L20="","",ROUND(L20*$M$11,2)),"") | Q20: =IF(COUNT($N20:$P20)=0,"",SUM($N20:$P20)) | R20: =IFERROR(IF(Q20="","",ROUND(Q20/$Q$11*100,2)),"") | S20: =IFERROR(IF(R20="","",ROUND(R20*$S$11,2)),"") | W20: =IF(COUNT($T20:$V20)=0,"",SUM($T20:$V20)) | X20: =IFERROR(IF(W20="","",ROUND((($T20/$T$11)*30 + ($U20/$U$11)*30 + ($V20/$V$11)*40),2)),"") | Y20: =IFERROR(IF(X20="","",ROUND(X20*$Y$11,2)),"") | Z20: =IFERROR(M20+S20+Y20,"") | AA20: =IFERROR(VLOOKUP(Z20,'Helper(IMPORTANT!)'!$CQ$1:$CR$41,2,TRUE),"") | AB20: {=IF(AA20="", "", _xlfn.IFS(AA20>=90, "A", AA20>=80, "B", AA20>=75, "C", AA20>=65, "D", AA20>=0, "E"))}
A21: 9 | B21: ='INPUT DATA'!L19 | K21: =IF(COUNT($F21:$J21)=0,"",SUM($F21:$J21)) | L21: =IFERROR(IF(K21="","",ROUND(K21/$K$11*100,2)),"") | M21: =IFERROR(IF(L21="","",ROUND(L21*$M$11,2)),"") | Q21: =IF(COUNT($N21:$P21)=0,"",SUM($N21:$P21)) | R21: =IFERROR(IF(Q21="","",ROUND(Q21/$Q$11*100,2)),"") | S21: =IFERROR(IF(R21="","",ROUND(R21*$S$11,2)),"") | W21: =IF(COUNT($T21:$V21)=0,"",SUM($T21:$V21)) | X21: =IFERROR(IF(W21="","",ROUND((($T21/$T$11)*30 + ($U21/$U$11)*30 + ($V21/$V$11)*40),2)),"") | Y21: =IFERROR(IF(X21="","",ROUND(X21*$Y$11,2)),"") | Z21: =IFERROR(M21+S21+Y21,"") | AA21: =IFERROR(VLOOKUP(Z21,'Helper(IMPORTANT!)'!$CQ$1:$CR$41,2,TRUE),"") | AB21: {=IF(AA21="", "", _xlfn.IFS(AA21>=90, "A", AA21>=80, "B", AA21>=75, "C", AA21>=65, "D", AA21>=0, "E"))}
A22: 10 | B22: ='INPUT DATA'!L20 | K22: =IF(COUNT($F22:$J22)=0,"",SUM($F22:$J22)) | L22: =IFERROR(IF(K22="","",ROUND(K22/$K$11*100,2)),"") | M22: =IFERROR(IF(L22="","",ROUND(L22*$M$11,2)),"") | Q22: =IF(COUNT($N22:$P22)=0,"",SUM($N22:$P22)) | R22: =IFERROR(IF(Q22="","",ROUND(Q22/$Q$11*100,2)),"") | S22: =IFERROR(IF(R22="","",ROUND(R22*$S$11,2)),"") | W22: =IF(COUNT($T22:$V22)=0,"",SUM($T22:$V22)) | X22: =IFERROR(IF(W22="","",ROUND((($T22/$T$11)*30 + ($U22/$U$11)*30 + ($V22/$V$11)*40),2)),"") | Y22: =IFERROR(IF(X22="","",ROUND(X22*$Y$11,2)),"") | Z22: =IFERROR(M22+S22+Y22,"") | AA22: =IFERROR(VLOOKUP(Z22,'Helper(IMPORTANT!)'!$CQ$1:$CR$41,2,TRUE),"") | AB22: {=IF(AA22="", "", _xlfn.IFS(AA22>=90, "A", AA22>=80, "B", AA22>=75, "C", AA22>=65, "D", AA22>=0, "E"))}
A23: 11 | B23: ='INPUT DATA'!L21 | K23: =IF(COUNT($F23:$J23)=0,"",SUM($F23:$J23)) | L23: =IFERROR(IF(K23="","",ROUND(K23/$K$11*100,2)),"") | M23: =IFERROR(IF(L23="","",ROUND(L23*$M$11,2)),"") | Q23: =IF(COUNT($N23:$P23)=0,"",SUM($N23:$P23)) | R23: =IFERROR(IF(Q23="","",ROUND(Q23/$Q$11*100,2)),"") | S23: =IFERROR(IF(R23="","",ROUND(R23*$S$11,2)),"") | W23: =IF(COUNT($T23:$V23)=0,"",SUM($T23:$V23)) | X23: =IFERROR(IF(W23="","",ROUND((($T23/$T$11)*30 + ($U23/$U$11)*30 + ($V23/$V$11)*40),2)),"") | Y23: =IFERROR(IF(X23="","",ROUND(X23*$Y$11,2)),"") | Z23: =IFERROR(M23+S23+Y23,"") | AA23: =IFERROR(VLOOKUP(Z23,'Helper(IMPORTANT!)'!$CQ$1:$CR$41,2,TRUE),"") | AB23: {=IF(AA23="", "", _xlfn.IFS(AA23>=90, "A", AA23>=80, "B", AA23>=75, "C", AA23>=65, "D", AA23>=0, "E"))}
A24: 12 | B24: ='INPUT DATA'!L22 | K24: =IF(COUNT($F24:$J24)=0,"",SUM($F24:$J24)) | L24: =IFERROR(IF(K24="","",ROUND(K24/$K$11*100,2)),"") | M24: =IFERROR(IF(L24="","",ROUND(L24*$M$11,2)),"") | Q24: =IF(COUNT($N24:$P24)=0,"",SUM($N24:$P24)) | R24: =IFERROR(IF(Q24="","",ROUND(Q24/$Q$11*100,2)),"") | S24: =IFERROR(IF(R24="","",ROUND(R24*$S$11,2)),"") | W24: =IF(COUNT($T24:$V24)=0,"",SUM($T24:$V24)) | X24: =IFERROR(IF(W24="","",ROUND((($T24/$T$11)*30 + ($U24/$U$11)*30 + ($V24/$V$11)*40),2)),"") | Y24: =IFERROR(IF(X24="","",ROUND(X24*$Y$11,2)),"") | Z24: =IFERROR(M24+S24+Y24,"") | AA24: =IFERROR(VLOOKUP(Z24,'Helper(IMPORTANT!)'!$CQ$1:$CR$41,2,TRUE),"") | AB24: {=IF(AA24="", "", _xlfn.IFS(AA24>=90, "A", AA24>=80, "B", AA24>=75, "C", AA24>=65, "D", AA24>=0, "E"))}
... A62: 50 | B62: ='INPUT DATA'!L60 | K62: =IF(COUNT($F62:$J62)=0,"",SUM($F62:$J62)) | L62: =IFERROR(IF(K62="","",ROUND(K62/$K$11*100,2)),"") | M62: =IFERROR(IF(L62="","",ROUND(L62*$M$11,2)),"") | Q62: =IF(COUNT($N62:$P62)=0,"",SUM($N62:$P62)) | R62: =IFERROR(IF(Q62="","",ROUND(Q62/$Q$11*100,2)),"") | S62: =IFERROR(IF(R62="","",ROUND(R62*$S$11,2)),"") | W62: =IF(COUNT($T62:$V62)=0,"",SUM($T62:$V62)) | X62: =IFERROR(IF(W62="","",ROUND((($T62/$T$11)*30 + ($U62/$U$11)*30 + ($V62/$V$11)*40),2)),"") | Y62: =IFERROR(IF(X62="","",ROUND(X62*$Y$11,2)),"") | Z62: =IFERROR(M62+S62+Y62,"") | AA62: =IFERROR(VLOOKUP(Z62,'Helper(IMPORTANT!)'!$CQ$1:$CR$41,2,TRUE),"") | AB62: {=IF(AA62="", "", _xlfn.IFS(AA62>=90, "A", AA62>=80, "B", AA62>=75, "C", AA62>=65, "D", AA62>=0, "E"))}
A63: FEMALE
A64: 1 | B64: ='INPUT DATA'!O11 | K64: =IF(COUNT($F64:$J64)=0,"",SUM($F64:$J64)) | L64: =IFERROR(IF(K64="","",ROUND(K64/$K$11*100,2)),"") | M64: =IFERROR(IF(L64="","",ROUND(L64*$M$11,2)),"") | Q64: =IF(COUNT($N64:$P64)=0,"",SUM($N64:$P64)) | R64: =IFERROR(IF(Q64="","",ROUND(Q64/$Q$11*100,2)),"") | S64: =IFERROR(IF(R64="","",ROUND(R64*$S$11,2)),"") | W64: =IF(COUNT($T64:$V64)=0,"",SUM($T64:$V64)) | X64: =IFERROR(IF(W64="","",ROUND((($T64/$T$11)*30 + ($U64/$U$11)*30 + ($V64/$V$11)*40),2)),"") | Y64: =IFERROR(IF(X64="","",ROUND(X64*$Y$11,2)),"") | Z64: =IFERROR(M64+S64+Y64,"") | AA64: =IFERROR(VLOOKUP(Z64,'Helper(IMPORTANT!)'!$CQ$1:$CR$41,2,TRUE),"") | AB64: {=IF(AA64="", "", _xlfn.IFS(AA64>=90, "A", AA64>=80, "B", AA64>=75, "C", AA64>=65, "D", AA64>=0, "E"))}
A65: 2 | B65: ='INPUT DATA'!O12 | K65: =IF(COUNT($F65:$J65)=0,"",SUM($F65:$J65)) | L65: =IFERROR(IF(K65="","",ROUND(K65/$K$11*100,2)),"") | M65: =IFERROR(IF(L65="","",ROUND(L65*$M$11,2)),"") | Q65: =IF(COUNT($N65:$P65)=0,"",SUM($N65:$P65)) | R65: =IFERROR(IF(Q65="","",ROUND(Q65/$Q$11*100,2)),"") | S65: =IFERROR(IF(R65="","",ROUND(R65*$S$11,2)),"") | W65: =IF(COUNT($T65:$V65)=0,"",SUM($T65:$V65)) | X65: =IFERROR(IF(W65="","",ROUND((($T65/$T$11)*30 + ($U65/$U$11)*30 + ($V65/$V$11)*40),2)),"") | Y65: =IFERROR(IF(X65="","",ROUND(X65*$Y$11,2)),"") | Z65: =IFERROR(M65+S65+Y65,"") | AA65: =IFERROR(VLOOKUP(Z65,'Helper(IMPORTANT!)'!$CQ$1:$CR$41,2,TRUE),"") | AB65: {=IF(AA65="", "", _xlfn.IFS(AA65>=90, "A", AA65>=80, "B", AA65>=75, "C", AA65>=65, "D", AA65>=0, "E"))}
A66: 3 | B66: ='INPUT DATA'!O13 | K66: =IF(COUNT($F66:$J66)=0,"",SUM($F66:$J66)) | L66: =IFERROR(IF(K66="","",ROUND(K66/$K$11*100,2)),"") | M66: =IFERROR(IF(L66="","",ROUND(L66*$M$11,2)),"") | Q66: =IF(COUNT($N66:$P66)=0,"",SUM($N66:$P66)) | R66: =IFERROR(IF(Q66="","",ROUND(Q66/$Q$11*100,2)),"") | S66: =IFERROR(IF(R66="","",ROUND(R66*$S$11,2)),"") | W66: =IF(COUNT($T66:$V66)=0,"",SUM($T66:$V66)) | X66: =IFERROR(IF(W66="","",ROUND((($T66/$T$11)*30 + ($U66/$U$11)*30 + ($V66/$V$11)*40),2)),"") | Y66: =IFERROR(IF(X66="","",ROUND(X66*$Y$11,2)),"") | Z66: =IFERROR(M66+S66+Y66,"") | AA66: =IFERROR(VLOOKUP(Z66,'Helper(IMPORTANT!)'!$CQ$1:$CR$41,2,TRUE),"") | AB66: {=IF(AA66="", "", _xlfn.IFS(AA66>=90, "A", AA66>=80, "B", AA66>=75, "C", AA66>=65, "D", AA66>=0, "E"))}
A67: 4 | B67: ='INPUT DATA'!O14 | K67: =IF(COUNT($F67:$J67)=0,"",SUM($F67:$J67)) | L67: =IFERROR(IF(K67="","",ROUND(K67/$K$11*100,2)),"") | M67: =IFERROR(IF(L67="","",ROUND(L67*$M$11,2)),"") | Q67: =IF(COUNT($N67:$P67)=0,"",SUM($N67:$P67)) | R67: =IFERROR(IF(Q67="","",ROUND(Q67/$Q$11*100,2)),"") | S67: =IFERROR(IF(R67="","",ROUND(R67*$S$11,2)),"") | W67: =IF(COUNT($T67:$V67)=0,"",SUM($T67:$V67)) | X67: =IFERROR(IF(W67="","",ROUND((($T67/$T$11)*30 + ($U67/$U$11)*30 + ($V67/$V$11)*40),2)),"") | Y67: =IFERROR(IF(X67="","",ROUND(X67*$Y$11,2)),"") | Z67: =IFERROR(M67+S67+Y67,"") | AA67: =IFERROR(VLOOKUP(Z67,'Helper(IMPORTANT!)'!$CQ$1:$CR$41,2,TRUE),"") | AB67: {=IF(AA67="", "", _xlfn.IFS(AA67>=90, "A", AA67>=80, "B", AA67>=75, "C", AA67>=65, "D", AA67>=0, "E"))}
A68: 5 | B68: ='INPUT DATA'!O15 | K68: =IF(COUNT($F68:$J68)=0,"",SUM($F68:$J68)) | L68: =IFERROR(IF(K68="","",ROUND(K68/$K$11*100,2)),"") | M68: =IFERROR(IF(L68="","",ROUND(L68*$M$11,2)),"") | Q68: =IF(COUNT($N68:$P68)=0,"",SUM($N68:$P68)) | R68: =IFERROR(IF(Q68="","",ROUND(Q68/$Q$11*100,2)),"") | S68: =IFERROR(IF(R68="","",ROUND(R68*$S$11,2)),"") | W68: =IF(COUNT($T68:$V68)=0,"",SUM($T68:$V68)) | X68: =IFERROR(IF(W68="","",ROUND((($T68/$T$11)*30 + ($U68/$U$11)*30 + ($V68/$V$11)*40),2)),"") | Y68: =IFERROR(IF(X68="","",ROUND(X68*$Y$11,2)),"") | Z68: =IFERROR(M68+S68+Y68,"") | AA68: =IFERROR(VLOOKUP(Z68,'Helper(IMPORTANT!)'!$CQ$1:$CR$41,2,TRUE),"") | AB68: {=IF(AA68="", "", _xlfn.IFS(AA68>=90, "A", AA68>=80, "B", AA68>=75, "C", AA68>=65, "D", AA68>=0, "E"))}
A69: 6 | B69: ='INPUT DATA'!O16 | K69: =IF(COUNT($F69:$J69)=0,"",SUM($F69:$J69)) | L69: =IFERROR(IF(K69="","",ROUND(K69/$K$11*100,2)),"") | M69: =IFERROR(IF(L69="","",ROUND(L69*$M$11,2)),"") | Q69: =IF(COUNT($N69:$P69)=0,"",SUM($N69:$P69)) | R69: =IFERROR(IF(Q69="","",ROUND(Q69/$Q$11*100,2)),"") | S69: =IFERROR(IF(R69="","",ROUND(R69*$S$11,2)),"") | W69: =IF(COUNT($T69:$V69)=0,"",SUM($T69:$V69)) | X69: =IFERROR(IF(W69="","",ROUND((($T69/$T$11)*30 + ($U69/$U$11)*30 + ($V69/$V$11)*40),2)),"") | Y69: =IFERROR(IF(X69="","",ROUND(X69*$Y$11,2)),"") | Z69: =IFERROR(M69+S69+Y69,"") | AA69: =IFERROR(VLOOKUP(Z69,'Helper(IMPORTANT!)'!$CQ$1:$CR$41,2,TRUE),"") | AB69: {=IF(AA69="", "", _xlfn.IFS(AA69>=90, "A", AA69>=80, "B", AA69>=75, "C", AA69>=65, "D", AA69>=0, "E"))}
A70: 7 | B70: ='INPUT DATA'!O17 | K70: =IF(COUNT($F70:$J70)=0,"",SUM($F70:$J70)) | L70: =IFERROR(IF(K70="","",ROUND(K70/$K$11*100,2)),"") | M70: =IFERROR(IF(L70="","",ROUND(L70*$M$11,2)),"") | Q70: =IF(COUNT($N70:$P70)=0,"",SUM($N70:$P70)) | R70: =IFERROR(IF(Q70="","",ROUND(Q70/$Q$11*100,2)),"") | S70: =IFERROR(IF(R70="","",ROUND(R70*$S$11,2)),"") | W70: =IF(COUNT($T70:$V70)=0,"",SUM($T70:$V70)) | X70: =IFERROR(IF(W70="","",ROUND((($T70/$T$11)*30 + ($U70/$U$11)*30 + ($V70/$V$11)*40),2)),"") | Y70: =IFERROR(IF(X70="","",ROUND(X70*$Y$11,2)),"") | Z70: =IFERROR(M70+S70+Y70,"") | AA70: =IFERROR(VLOOKUP(Z70,'Helper(IMPORTANT!)'!$CQ$1:$CR$41,2,TRUE),"") | AB70: {=IF(AA70="", "", _xlfn.IFS(AA70>=90, "A", AA70>=80, "B", AA70>=75, "C", AA70>=65, "D", AA70>=0, "E"))}
A71: 8 | B71: ='INPUT DATA'!O18 | K71: =IF(COUNT($F71:$J71)=0,"",SUM($F71:$J71)) | L71: =IFERROR(IF(K71="","",ROUND(K71/$K$11*100,2)),"") | M71: =IFERROR(IF(L71="","",ROUND(L71*$M$11,2)),"") | Q71: =IF(COUNT($N71:$P71)=0,"",SUM($N71:$P71)) | R71: =IFERROR(IF(Q71="","",ROUND(Q71/$Q$11*100,2)),"") | S71: =IFERROR(IF(R71="","",ROUND(R71*$S$11,2)),"") | W71: =IF(COUNT($T71:$V71)=0,"",SUM($T71:$V71)) | X71: =IFERROR(IF(W71="","",ROUND((($T71/$T$11)*30 + ($U71/$U$11)*30 + ($V71/$V$11)*40),2)),"") | Y71: =IFERROR(IF(X71="","",ROUND(X71*$Y$11,2)),"") | Z71: =IFERROR(M71+S71+Y71,"") | AA71: =IFERROR(VLOOKUP(Z71,'Helper(IMPORTANT!)'!$CQ$1:$CR$41,2,TRUE),"") | AB71: {=IF(AA71="", "", _xlfn.IFS(AA71>=90, "A", AA71>=80, "B", AA71>=75, "C", AA71>=65, "D", AA71>=0, "E"))}
A72: 9 | B72: ='INPUT DATA'!O19 | K72: =IF(COUNT($F72:$J72)=0,"",SUM($F72:$J72)) | L72: =IFERROR(IF(K72="","",ROUND(K72/$K$11*100,2)),"") | M72: =IFERROR(IF(L72="","",ROUND(L72*$M$11,2)),"") | Q72: =IF(COUNT($N72:$P72)=0,"",SUM($N72:$P72)) | R72: =IFERROR(IF(Q72="","",ROUND(Q72/$Q$11*100,2)),"") | S72: =IFERROR(IF(R72="","",ROUND(R72*$S$11,2)),"") | W72: =IF(COUNT($T72:$V72)=0,"",SUM($T72:$V72)) | X72: =IFERROR(IF(W72="","",ROUND((($T72/$T$11)*30 + ($U72/$U$11)*30 + ($V72/$V$11)*40),2)),"") | Y72: =IFERROR(IF(X72="","",ROUND(X72*$Y$11,2)),"") | Z72: =IFERROR(M72+S72+Y72,"") | AA72: =IFERROR(VLOOKUP(Z72,'Helper(IMPORTANT!)'!$CQ$1:$CR$41,2,TRUE),"") | AB72: {=IF(AA72="", "", _xlfn.IFS(AA72>=90, "A", AA72>=80, "B", AA72>=75, "C", AA72>=65, "D", AA72>=0, "E"))}
A73: 10 | B73: ='INPUT DATA'!O20 | K73: =IF(COUNT($F73:$J73)=0,"",SUM($F73:$J73)) | L73: =IFERROR(IF(K73="","",ROUND(K73/$K$11*100,2)),"") | M73: =IFERROR(IF(L73="","",ROUND(L73*$M$11,2)),"") | Q73: =IF(COUNT($N73:$P73)=0,"",SUM($N73:$P73)) | R73: =IFERROR(IF(Q73="","",ROUND(Q73/$Q$11*100,2)),"") | S73: =IFERROR(IF(R73="","",ROUND(R73*$S$11,2)),"") | W73: =IF(COUNT($T73:$V73)=0,"",SUM($T73:$V73)) | X73: =IFERROR(IF(W73="","",ROUND((($T73/$T$11)*30 + ($U73/$U$11)*30 + ($V73/$V$11)*40),2)),"") | Y73: =IFERROR(IF(X73="","",ROUND(X73*$Y$11,2)),"") | Z73: =IFERROR(M73+S73+Y73,"") | AA73: =IFERROR(VLOOKUP(Z73,'Helper(IMPORTANT!)'!$CQ$1:$CR$41,2,TRUE),"") | AB73: {=IF(AA73="", "", _xlfn.IFS(AA73>=90, "A", AA73>=80, "B", AA73>=75, "C", AA73>=65, "D", AA73>=0, "E"))}
A74: 11 | B74: ='INPUT DATA'!O21 | K74: =IF(COUNT($F74:$J74)=0,"",SUM($F74:$J74)) | L74: =IFERROR(IF(K74="","",ROUND(K74/$K$11*100,2)),"") | M74: =IFERROR(IF(L74="","",ROUND(L74*$M$11,2)),"") | Q74: =IF(COUNT($N74:$P74)=0,"",SUM($N74:$P74)) | R74: =IFERROR(IF(Q74="","",ROUND(Q74/$Q$11*100,2)),"") | S74: =IFERROR(IF(R74="","",ROUND(R74*$S$11,2)),"") | W74: =IF(COUNT($T74:$V74)=0,"",SUM($T74:$V74)) | X74: =IFERROR(IF(W74="","",ROUND((($T74/$T$11)*30 + ($U74/$U$11)*30 + ($V74/$V$11)*40),2)),"") | Y74: =IFERROR(IF(X74="","",ROUND(X74*$Y$11,2)),"") | Z74: =IFERROR(M74+S74+Y74,"") | AA74: =IFERROR(VLOOKUP(Z74,'Helper(IMPORTANT!)'!$CQ$1:$CR$41,2,TRUE),"") | AB74: {=IF(AA74="", "", _xlfn.IFS(AA74>=90, "A", AA74>=80, "B", AA74>=75, "C", AA74>=65, "D", AA74>=0, "E"))}
A75: 12 | B75: ='INPUT DATA'!O22 | K75: =IF(COUNT($F75:$J75)=0,"",SUM($F75:$J75)) | L75: =IFERROR(IF(K75="","",ROUND(K75/$K$11*100,2)),"") | M75: =IFERROR(IF(L75="","",ROUND(L75*$M$11,2)),"") | Q75: =IF(COUNT($N75:$P75)=0,"",SUM($N75:$P75)) | R75: =IFERROR(IF(Q75="","",ROUND(Q75/$Q$11*100,2)),"") | S75: =IFERROR(IF(R75="","",ROUND(R75*$S$11,2)),"") | W75: =IF(COUNT($T75:$V75)=0,"",SUM($T75:$V75)) | X75: =IFERROR(IF(W75="","",ROUND((($T75/$T$11)*30 + ($U75/$U$11)*30 + ($V75/$V$11)*40),2)),"") | Y75: =IFERROR(IF(X75="","",ROUND(X75*$Y$11,2)),"") | Z75: =IFERROR(M75+S75+Y75,"") | AA75: =IFERROR(VLOOKUP(Z75,'Helper(IMPORTANT!)'!$CQ$1:$CR$41,2,TRUE),"") | AB75: {=IF(AA75="", "", _xlfn.IFS(AA75>=90, "A", AA75>=80, "B", AA75>=75, "C", AA75>=65, "D", AA75>=0, "E"))}
... A113: 50 | B113: ='INPUT DATA'!O60 | K113: =IF(COUNT($F113:$J113)=0,"",SUM($F113:$J113)) | L113: =IFERROR(IF(K113="","",ROUND(K113/$K$11*100,2)),"") | M113: =IFERROR(IF(L113="","",ROUND(L113*$M$11,2)),"") | Q113: =IF(COUNT($N113:$P113)=0,"",SUM($N113:$P113)) | R113: =IFERROR(IF(Q113="","",ROUND(Q113/$Q$11*100,2)),"") | S113: =IFERROR(IF(R113="","",ROUND(R113*$S$11,2)),"") | W113: =IF(COUNT($T113:$V113)=0,"",SUM($T113:$V113)) | X113: =IFERROR(IF(W113="","",ROUND((($T113/$T$11)*30 + ($U113/$U$11)*30 + ($V113/$V$11)*40),2)),"") | Y113: =IFERROR(IF(X113="","",ROUND(X113*$Y$11,2)),"") | Z113: =IFERROR(M113+S113+Y113,"") | AA113: =IFERROR(VLOOKUP(Z113,'Helper(IMPORTANT!)'!$CQ$1:$CR$41,2,TRUE),"") | AB113: {=IF(AA113="", "", _xlfn.IFS(AA113>=90, "A", AA113>=80, "B", AA113>=75, "C", AA113>=65, "D", AA113>=0, "E"))}

Sheet TERM 3
A1: Strengthened Senior High School Class Record
A3: (Pursuant to Deped Order 15 series of 2026)
F4: REGION | G4: ='INPUT DATA'!F10 | O4: DIVISION | R4: ='INPUT DATA'!F11
F5: SCHOOL NAME | G5: ='INPUT DATA'!F14 | O5: SCHOOL ID | R5: =IF('INPUT DATA'!F13="","", 'INPUT DATA'!F13) | W5: SCHOOL YEAR | Z5: ='INPUT DATA'!F16
A7: THIRD TERM | F7: GRADE LEVEL AND SECTION | K7: ='INPUT DATA'!F24&" - "&'INPUT DATA'!F25 | Q7: TEACHER: | S7: =IF('INPUT DATA'!F22="","", 'INPUT DATA'!F22) | X7: SUBJECT: | Z7: =IF('INPUT DATA'!F30<>"",'INPUT DATA'!F30,'INPUT DATA'!F28)
Q8: TRACK: | S8: ='INPUT DATA'!F23 | X8: SUBJECT TYPE: | Z8: ='INPUT DATA'!F26
A9: LEARNERS' NAMES | F9: =IF('INPUT DATA'!$F$26="","",INDEX('Helper(IMPORTANT!)'!$CI$2:$CI$6,MATCH(Z8,'Helper(IMPORTANT!)'!$CH$2:$CH$6,0))) | N9: =IF('INPUT DATA'!$F$26="","",INDEX('Helper(IMPORTANT!)'!$CJ$2:$CJ$6,MATCH(Z8,'Helper(IMPORTANT!)'!$CH$2:$CH$6,0))) | T9: =IF('INPUT DATA'!$F$26="","",INDEX('Helper(IMPORTANT!)'!$CK$2:$CK$6,MATCH(Z8,'Helper(IMPORTANT!)'!$CH$2:$CH$6,0))) | Z9: Initial Grade | AA9: Transmuted Grade | AB9: Letter Grade
F10: 1 | G10: 2 | H10: 3 | I10: 4 | J10: 5 | K10: Total | L10: PS | M10: WS | N10: 1 | O10: 2 | P10: 3 | Q10: Total | R10: PS | S10: WS | T10: SA1 | U10: SA2 | V10: TE | W10: Total | X10: PS | Y10: WS
A11: HIGHEST POSSIBLE SCORE | K11: =IF(COUNT($F11:$J11)=0,"",SUM($F11:$J11)) | L11: 100 | M11: =IF('INPUT DATA'!$F$26="","",INDEX('Helper(IMPORTANT!)'!$CL$2:$CL$6,MATCH(Z8,'Helper(IMPORTANT!)'!$CH$2:$CH$6,0))) | Q11: =IF(COUNT($N11:$P11)=0,"",SUM($N11:$P11)) | R11: 100 | S11: =IF('INPUT DATA'!$F$26="","",INDEX('Helper(IMPORTANT!)'!$CM$2:$CM$6,MATCH(Z8,'Helper(IMPORTANT!)'!$CH$2:$CH$6,0))) | W11: =IF(COUNT($T11:$V11)=0,"",SUM($T11:$V11)) | X11: 100 | Y11: =IF('INPUT DATA'!$F$26="","",INDEX('Helper(IMPORTANT!)'!$CN$2:$CN$6,MATCH(Z8,'Helper(IMPORTANT!)'!$CH$2:$CH$6,0)))
A12: MALE
A13: 1 | B13: ='INPUT DATA'!L11 | K13: =IF(COUNT($F13:$J13)=0,"",SUM($F13:$J13)) | L13: =IFERROR(IF(K13="","",ROUND(K13/$K$11*100,2)),"") | M13: =IFERROR(IF(L13="","",ROUND(L13*$M$11,2)),"") | Q13: =IF(COUNT($N13:$P13)=0,"",SUM($N13:$P13)) | R13: =IFERROR(IF(Q13="","",ROUND(Q13/$Q$11*100,2)),"") | S13: =IFERROR(IF(R13="","",ROUND(R13*$S$11,2)),"") | W13: =IF(COUNT($T13:$V13)=0,"",SUM($T13:$V13)) | X13: =IFERROR(IF(W13="","",ROUND((($T13/$T$11)*30 + ($U13/$U$11)*30 + ($V13/$V$11)*40),2)),"") | Y13: =IFERROR(IF(X13="","",ROUND(X13*$Y$11,2)),"") | Z13: =IFERROR(M13+S13+Y13,"") | AA13: =IFERROR(VLOOKUP(Z13,'Helper(IMPORTANT!)'!$CQ$1:$CR$41,2,TRUE),"") | AB13: {=IF(AA13="", "", _xlfn.IFS(AA13>=90, "A", AA13>=80, "B", AA13>=75, "C", AA13>=65, "D", AA13>=0, "E"))}
A14: 2 | B14: ='INPUT DATA'!L12 | K14: =IF(COUNT($F14:$J14)=0,"",SUM($F14:$J14)) | L14: =IFERROR(IF(K14="","",ROUND(K14/$K$11*100,2)),"") | M14: =IFERROR(IF(L14="","",ROUND(L14*$M$11,2)),"") | Q14: =IF(COUNT($N14:$P14)=0,"",SUM($N14:$P14)) | R14: =IFERROR(IF(Q14="","",ROUND(Q14/$Q$11*100,2)),"") | S14: =IFERROR(IF(R14="","",ROUND(R14*$S$11,2)),"") | W14: =IF(COUNT($T14:$V14)=0,"",SUM($T14:$V14)) | X14: =IFERROR(IF(W14="","",ROUND((($T14/$T$11)*30 + ($U14/$U$11)*30 + ($V14/$V$11)*40),2)),"") | Y14: =IFERROR(IF(X14="","",ROUND(X14*$Y$11,2)),"") | Z14: =IFERROR(M14+S14+Y14,"") | AA14: =IFERROR(VLOOKUP(Z14,'Helper(IMPORTANT!)'!$CQ$1:$CR$41,2,TRUE),"") | AB14: {=IF(AA14="", "", _xlfn.IFS(AA14>=90, "A", AA14>=80, "B", AA14>=75, "C", AA14>=65, "D", AA14>=0, "E"))}
A15: 3 | B15: ='INPUT DATA'!L13 | K15: =IF(COUNT($F15:$J15)=0,"",SUM($F15:$J15)) | L15: =IFERROR(IF(K15="","",ROUND(K15/$K$11*100,2)),"") | M15: =IFERROR(IF(L15="","",ROUND(L15*$M$11,2)),"") | Q15: =IF(COUNT($N15:$P15)=0,"",SUM($N15:$P15)) | R15: =IFERROR(IF(Q15="","",ROUND(Q15/$Q$11*100,2)),"") | S15: =IFERROR(IF(R15="","",ROUND(R15*$S$11,2)),"") | W15: =IF(COUNT($T15:$V15)=0,"",SUM($T15:$V15)) | X15: =IFERROR(IF(W15="","",ROUND((($T15/$T$11)*30 + ($U15/$U$11)*30 + ($V15/$V$11)*40),2)),"") | Y15: =IFERROR(IF(X15="","",ROUND(X15*$Y$11,2)),"") | Z15: =IFERROR(M15+S15+Y15,"") | AA15: =IFERROR(VLOOKUP(Z15,'Helper(IMPORTANT!)'!$CQ$1:$CR$41,2,TRUE),"") | AB15: {=IF(AA15="", "", _xlfn.IFS(AA15>=90, "A", AA15>=80, "B", AA15>=75, "C", AA15>=65, "D", AA15>=0, "E"))}
A16: 4 | B16: ='INPUT DATA'!L14 | K16: =IF(COUNT($F16:$J16)=0,"",SUM($F16:$J16)) | L16: =IFERROR(IF(K16="","",ROUND(K16/$K$11*100,2)),"") | M16: =IFERROR(IF(L16="","",ROUND(L16*$M$11,2)),"") | Q16: =IF(COUNT($N16:$P16)=0,"",SUM($N16:$P16)) | R16: =IFERROR(IF(Q16="","",ROUND(Q16/$Q$11*100,2)),"") | S16: =IFERROR(IF(R16="","",ROUND(R16*$S$11,2)),"") | W16: =IF(COUNT($T16:$V16)=0,"",SUM($T16:$V16)) | X16: =IFERROR(IF(W16="","",ROUND((($T16/$T$11)*30 + ($U16/$U$11)*30 + ($V16/$V$11)*40),2)),"") | Y16: =IFERROR(IF(X16="","",ROUND(X16*$Y$11,2)),"") | Z16: =IFERROR(M16+S16+Y16,"") | AA16: =IFERROR(VLOOKUP(Z16,'Helper(IMPORTANT!)'!$CQ$1:$CR$41,2,TRUE),"") | AB16: {=IF(AA16="", "", _xlfn.IFS(AA16>=90, "A", AA16>=80, "B", AA16>=75, "C", AA16>=65, "D", AA16>=0, "E"))}
A17: 5 | B17: ='INPUT DATA'!L15 | K17: =IF(COUNT($F17:$J17)=0,"",SUM($F17:$J17)) | L17: =IFERROR(IF(K17="","",ROUND(K17/$K$11*100,2)),"") | M17: =IFERROR(IF(L17="","",ROUND(L17*$M$11,2)),"") | Q17: =IF(COUNT($N17:$P17)=0,"",SUM($N17:$P17)) | R17: =IFERROR(IF(Q17="","",ROUND(Q17/$Q$11*100,2)),"") | S17: =IFERROR(IF(R17="","",ROUND(R17*$S$11,2)),"") | W17: =IF(COUNT($T17:$V17)=0,"",SUM($T17:$V17)) | X17: =IFERROR(IF(W17="","",ROUND((($T17/$T$11)*30 + ($U17/$U$11)*30 + ($V17/$V$11)*40),2)),"") | Y17: =IFERROR(IF(X17="","",ROUND(X17*$Y$11,2)),"") | Z17: =IFERROR(M17+S17+Y17,"") | AA17: =IFERROR(VLOOKUP(Z17,'Helper(IMPORTANT!)'!$CQ$1:$CR$41,2,TRUE),"") | AB17: {=IF(AA17="", "", _xlfn.IFS(AA17>=90, "A", AA17>=80, "B", AA17>=75, "C", AA17>=65, "D", AA17>=0, "E"))}
A18: 6 | B18: ='INPUT DATA'!L16 | K18: =IF(COUNT($F18:$J18)=0,"",SUM($F18:$J18)) | L18: =IFERROR(IF(K18="","",ROUND(K18/$K$11*100,2)),"") | M18: =IFERROR(IF(L18="","",ROUND(L18*$M$11,2)),"") | Q18: =IF(COUNT($N18:$P18)=0,"",SUM($N18:$P18)) | R18: =IFERROR(IF(Q18="","",ROUND(Q18/$Q$11*100,2)),"") | S18: =IFERROR(IF(R18="","",ROUND(R18*$S$11,2)),"") | W18: =IF(COUNT($T18:$V18)=0,"",SUM($T18:$V18)) | X18: =IFERROR(IF(W18="","",ROUND((($T18/$T$11)*30 + ($U18/$U$11)*30 + ($V18/$V$11)*40),2)),"") | Y18: =IFERROR(IF(X18="","",ROUND(X18*$Y$11,2)),"") | Z18: =IFERROR(M18+S18+Y18,"") | AA18: =IFERROR(VLOOKUP(Z18,'Helper(IMPORTANT!)'!$CQ$1:$CR$41,2,TRUE),"") | AB18: {=IF(AA18="", "", _xlfn.IFS(AA18>=90, "A", AA18>=80, "B", AA18>=75, "C", AA18>=65, "D", AA18>=0, "E"))}
A19: 7 | B19: ='INPUT DATA'!L17 | K19: =IF(COUNT($F19:$J19)=0,"",SUM($F19:$J19)) | L19: =IFERROR(IF(K19="","",ROUND(K19/$K$11*100,2)),"") | M19: =IFERROR(IF(L19="","",ROUND(L19*$M$11,2)),"") | Q19: =IF(COUNT($N19:$P19)=0,"",SUM($N19:$P19)) | R19: =IFERROR(IF(Q19="","",ROUND(Q19/$Q$11*100,2)),"") | S19: =IFERROR(IF(R19="","",ROUND(R19*$S$11,2)),"") | W19: =IF(COUNT($T19:$V19)=0,"",SUM($T19:$V19)) | X19: =IFERROR(IF(W19="","",ROUND((($T19/$T$11)*30 + ($U19/$U$11)*30 + ($V19/$V$11)*40),2)),"") | Y19: =IFERROR(IF(X19="","",ROUND(X19*$Y$11,2)),"") | Z19: =IFERROR(M19+S19+Y19,"") | AA19: =IFERROR(VLOOKUP(Z19,'Helper(IMPORTANT!)'!$CQ$1:$CR$41,2,TRUE),"") | AB19: {=IF(AA19="", "", _xlfn.IFS(AA19>=90, "A", AA19>=80, "B", AA19>=75, "C", AA19>=65, "D", AA19>=0, "E"))}
A20: 8 | B20: ='INPUT DATA'!L18 | K20: =IF(COUNT($F20:$J20)=0,"",SUM($F20:$J20)) | L20: =IFERROR(IF(K20="","",ROUND(K20/$K$11*100,2)),"") | M20: =IFERROR(IF(L20="","",ROUND(L20*$M$11,2)),"") | Q20: =IF(COUNT($N20:$P20)=0,"",SUM($N20:$P20)) | R20: =IFERROR(IF(Q20="","",ROUND(Q20/$Q$11*100,2)),"") | S20: =IFERROR(IF(R20="","",ROUND(R20*$S$11,2)),"") | W20: =IF(COUNT($T20:$V20)=0,"",SUM($T20:$V20)) | X20: =IFERROR(IF(W20="","",ROUND((($T20/$T$11)*30 + ($U20/$U$11)*30 + ($V20/$V$11)*40),2)),"") | Y20: =IFERROR(IF(X20="","",ROUND(X20*$Y$11,2)),"") | Z20: =IFERROR(M20+S20+Y20,"") | AA20: =IFERROR(VLOOKUP(Z20,'Helper(IMPORTANT!)'!$CQ$1:$CR$41,2,TRUE),"") | AB20: {=IF(AA20="", "", _xlfn.IFS(AA20>=90, "A", AA20>=80, "B", AA20>=75, "C", AA20>=65, "D", AA20>=0, "E"))}
A21: 9 | B21: ='INPUT DATA'!L19 | K21: =IF(COUNT($F21:$J21)=0,"",SUM($F21:$J21)) | L21: =IFERROR(IF(K21="","",ROUND(K21/$K$11*100,2)),"") | M21: =IFERROR(IF(L21="","",ROUND(L21*$M$11,2)),"") | Q21: =IF(COUNT($N21:$P21)=0,"",SUM($N21:$P21)) | R21: =IFERROR(IF(Q21="","",ROUND(Q21/$Q$11*100,2)),"") | S21: =IFERROR(IF(R21="","",ROUND(R21*$S$11,2)),"") | W21: =IF(COUNT($T21:$V21)=0,"",SUM($T21:$V21)) | X21: =IFERROR(IF(W21="","",ROUND((($T21/$T$11)*30 + ($U21/$U$11)*30 + ($V21/$V$11)*40),2)),"") | Y21: =IFERROR(IF(X21="","",ROUND(X21*$Y$11,2)),"") | Z21: =IFERROR(M21+S21+Y21,"") | AA21: =IFERROR(VLOOKUP(Z21,'Helper(IMPORTANT!)'!$CQ$1:$CR$41,2,TRUE),"") | AB21: {=IF(AA21="", "", _xlfn.IFS(AA21>=90, "A", AA21>=80, "B", AA21>=75, "C", AA21>=65, "D", AA21>=0, "E"))}
A22: 10 | B22: ='INPUT DATA'!L20 | K22: =IF(COUNT($F22:$J22)=0,"",SUM($F22:$J22)) | L22: =IFERROR(IF(K22="","",ROUND(K22/$K$11*100,2)),"") | M22: =IFERROR(IF(L22="","",ROUND(L22*$M$11,2)),"") | Q22: =IF(COUNT($N22:$P22)=0,"",SUM($N22:$P22)) | R22: =IFERROR(IF(Q22="","",ROUND(Q22/$Q$11*100,2)),"") | S22: =IFERROR(IF(R22="","",ROUND(R22*$S$11,2)),"") | W22: =IF(COUNT($T22:$V22)=0,"",SUM($T22:$V22)) | X22: =IFERROR(IF(W22="","",ROUND((($T22/$T$11)*30 + ($U22/$U$11)*30 + ($V22/$V$11)*40),2)),"") | Y22: =IFERROR(IF(X22="","",ROUND(X22*$Y$11,2)),"") | Z22: =IFERROR(M22+S22+Y22,"") | AA22: =IFERROR(VLOOKUP(Z22,'Helper(IMPORTANT!)'!$CQ$1:$CR$41,2,TRUE),"") | AB22: {=IF(AA22="", "", _xlfn.IFS(AA22>=90, "A", AA22>=80, "B", AA22>=75, "C", AA22>=65, "D", AA22>=0, "E"))}
A23: 11 | B23: ='INPUT DATA'!L21 | K23: =IF(COUNT($F23:$J23)=0,"",SUM($F23:$J23)) | L23: =IFERROR(IF(K23="","",ROUND(K23/$K$11*100,2)),"") | M23: =IFERROR(IF(L23="","",ROUND(L23*$M$11,2)),"") | Q23: =IF(COUNT($N23:$P23)=0,"",SUM($N23:$P23)) | R23: =IFERROR(IF(Q23="","",ROUND(Q23/$Q$11*100,2)),"") | S23: =IFERROR(IF(R23="","",ROUND(R23*$S$11,2)),"") | W23: =IF(COUNT($T23:$V23)=0,"",SUM($T23:$V23)) | X23: =IFERROR(IF(W23="","",ROUND((($T23/$T$11)*30 + ($U23/$U$11)*30 + ($V23/$V$11)*40),2)),"") | Y23: =IFERROR(IF(X23="","",ROUND(X23*$Y$11,2)),"") | Z23: =IFERROR(M23+S23+Y23,"") | AA23: =IFERROR(VLOOKUP(Z23,'Helper(IMPORTANT!)'!$CQ$1:$CR$41,2,TRUE),"") | AB23: {=IF(AA23="", "", _xlfn.IFS(AA23>=90, "A", AA23>=80, "B", AA23>=75, "C", AA23>=65, "D", AA23>=0, "E"))}
A24: 12 | B24: ='INPUT DATA'!L22 | K24: =IF(COUNT($F24:$J24)=0,"",SUM($F24:$J24)) | L24: =IFERROR(IF(K24="","",ROUND(K24/$K$11*100,2)),"") | M24: =IFERROR(IF(L24="","",ROUND(L24*$M$11,2)),"") | Q24: =IF(COUNT($N24:$P24)=0,"",SUM($N24:$P24)) | R24: =IFERROR(IF(Q24="","",ROUND(Q24/$Q$11*100,2)),"") | S24: =IFERROR(IF(R24="","",ROUND(R24*$S$11,2)),"") | W24: =IF(COUNT($T24:$V24)=0,"",SUM($T24:$V24)) | X24: =IFERROR(IF(W24="","",ROUND((($T24/$T$11)*30 + ($U24/$U$11)*30 + ($V24/$V$11)*40),2)),"") | Y24: =IFERROR(IF(X24="","",ROUND(X24*$Y$11,2)),"") | Z24: =IFERROR(M24+S24+Y24,"") | AA24: =IFERROR(VLOOKUP(Z24,'Helper(IMPORTANT!)'!$CQ$1:$CR$41,2,TRUE),"") | AB24: {=IF(AA24="", "", _xlfn.IFS(AA24>=90, "A", AA24>=80, "B", AA24>=75, "C", AA24>=65, "D", AA24>=0, "E"))}
... A62: 50 | B62: ='INPUT DATA'!L60 | K62: =IF(COUNT($F62:$J62)=0,"",SUM($F62:$J62)) | L62: =IFERROR(IF(K62="","",ROUND(K62/$K$11*100,2)),"") | M62: =IFERROR(IF(L62="","",ROUND(L62*$M$11,2)),"") | Q62: =IF(COUNT($N62:$P62)=0,"",SUM($N62:$P62)) | R62: =IFERROR(IF(Q62="","",ROUND(Q62/$Q$11*100,2)),"") | S62: =IFERROR(IF(R62="","",ROUND(R62*$S$11,2)),"") | W62: =IF(COUNT($T62:$V62)=0,"",SUM($T62:$V62)) | X62: =IFERROR(IF(W62="","",ROUND((($T62/$T$11)*30 + ($U62/$U$11)*30 + ($V62/$V$11)*40),2)),"") | Y62: =IFERROR(IF(X62="","",ROUND(X62*$Y$11,2)),"") | Z62: =IFERROR(M62+S62+Y62,"") | AA62: =IFERROR(VLOOKUP(Z62,'Helper(IMPORTANT!)'!$CQ$1:$CR$41,2,TRUE),"") | AB62: {=IF(AA62="", "", _xlfn.IFS(AA62>=90, "A", AA62>=80, "B", AA62>=75, "C", AA62>=65, "D", AA62>=0, "E"))}
A63: FEMALE
A64: 1 | B64: ='INPUT DATA'!O11 | K64: =IF(COUNT($F64:$J64)=0,"",SUM($F64:$J64)) | L64: =IFERROR(IF(K64="","",ROUND(K64/$K$11*100,2)),"") | M64: =IFERROR(IF(L64="","",ROUND(L64*$M$11,2)),"") | Q64: =IF(COUNT($N64:$P64)=0,"",SUM($N64:$P64)) | R64: =IFERROR(IF(Q64="","",ROUND(Q64/$Q$11*100,2)),"") | S64: =IFERROR(IF(R64="","",ROUND(R64*$S$11,2)),"") | W64: =IF(COUNT($T64:$V64)=0,"",SUM($T64:$V64)) | X64: =IFERROR(IF(W64="","",ROUND((($T64/$T$11)*30 + ($U64/$U$11)*30 + ($V64/$V$11)*40),2)),"") | Y64: =IFERROR(IF(X64="","",ROUND(X64*$Y$11,2)),"") | Z64: =IFERROR(M64+S64+Y64,"") | AA64: =IFERROR(VLOOKUP(Z64,'Helper(IMPORTANT!)'!$CQ$1:$CR$41,2,TRUE),"") | AB64: {=IF(AA64="", "", _xlfn.IFS(AA64>=90, "A", AA64>=80, "B", AA64>=75, "C", AA64>=65, "D", AA64>=0, "E"))}
A65: 2 | B65: ='INPUT DATA'!O12 | K65: =IF(COUNT($F65:$J65)=0,"",SUM($F65:$J65)) | L65: =IFERROR(IF(K65="","",ROUND(K65/$K$11*100,2)),"") | M65: =IFERROR(IF(L65="","",ROUND(L65*$M$11,2)),"") | Q65: =IF(COUNT($N65:$P65)=0,"",SUM($N65:$P65)) | R65: =IFERROR(IF(Q65="","",ROUND(Q65/$Q$11*100,2)),"") | S65: =IFERROR(IF(R65="","",ROUND(R65*$S$11,2)),"") | W65: =IF(COUNT($T65:$V65)=0,"",SUM($T65:$V65)) | X65: =IFERROR(IF(W65="","",ROUND((($T65/$T$11)*30 + ($U65/$U$11)*30 + ($V65/$V$11)*40),2)),"") | Y65: =IFERROR(IF(X65="","",ROUND(X65*$Y$11,2)),"") | Z65: =IFERROR(M65+S65+Y65,"") | AA65: =IFERROR(VLOOKUP(Z65,'Helper(IMPORTANT!)'!$CQ$1:$CR$41,2,TRUE),"") | AB65: {=IF(AA65="", "", _xlfn.IFS(AA65>=90, "A", AA65>=80, "B", AA65>=75, "C", AA65>=65, "D", AA65>=0, "E"))}
A66: 3 | B66: ='INPUT DATA'!O13 | K66: =IF(COUNT($F66:$J66)=0,"",SUM($F66:$J66)) | L66: =IFERROR(IF(K66="","",ROUND(K66/$K$11*100,2)),"") | M66: =IFERROR(IF(L66="","",ROUND(L66*$M$11,2)),"") | Q66: =IF(COUNT($N66:$P66)=0,"",SUM($N66:$P66)) | R66: =IFERROR(IF(Q66="","",ROUND(Q66/$Q$11*100,2)),"") | S66: =IFERROR(IF(R66="","",ROUND(R66*$S$11,2)),"") | W66: =IF(COUNT($T66:$V66)=0,"",SUM($T66:$V66)) | X66: =IFERROR(IF(W66="","",ROUND((($T66/$T$11)*30 + ($U66/$U$11)*30 + ($V66/$V$11)*40),2)),"") | Y66: =IFERROR(IF(X66="","",ROUND(X66*$Y$11,2)),"") | Z66: =IFERROR(M66+S66+Y66,"") | AA66: =IFERROR(VLOOKUP(Z66,'Helper(IMPORTANT!)'!$CQ$1:$CR$41,2,TRUE),"") | AB66: {=IF(AA66="", "", _xlfn.IFS(AA66>=90, "A", AA66>=80, "B", AA66>=75, "C", AA66>=65, "D", AA66>=0, "E"))}
A67: 4 | B67: ='INPUT DATA'!O14 | K67: =IF(COUNT($F67:$J67)=0,"",SUM($F67:$J67)) | L67: =IFERROR(IF(K67="","",ROUND(K67/$K$11*100,2)),"") | M67: =IFERROR(IF(L67="","",ROUND(L67*$M$11,2)),"") | Q67: =IF(COUNT($N67:$P67)=0,"",SUM($N67:$P67)) | R67: =IFERROR(IF(Q67="","",ROUND(Q67/$Q$11*100,2)),"") | S67: =IFERROR(IF(R67="","",ROUND(R67*$S$11,2)),"") | W67: =IF(COUNT($T67:$V67)=0,"",SUM($T67:$V67)) | X67: =IFERROR(IF(W67="","",ROUND((($T67/$T$11)*30 + ($U67/$U$11)*30 + ($V67/$V$11)*40),2)),"") | Y67: =IFERROR(IF(X67="","",ROUND(X67*$Y$11,2)),"") | Z67: =IFERROR(M67+S67+Y67,"") | AA67: =IFERROR(VLOOKUP(Z67,'Helper(IMPORTANT!)'!$CQ$1:$CR$41,2,TRUE),"") | AB67: {=IF(AA67="", "", _xlfn.IFS(AA67>=90, "A", AA67>=80, "B", AA67>=75, "C", AA67>=65, "D", AA67>=0, "E"))}
A68: 5 | B68: ='INPUT DATA'!O15 | K68: =IF(COUNT($F68:$J68)=0,"",SUM($F68:$J68)) | L68: =IFERROR(IF(K68="","",ROUND(K68/$K$11*100,2)),"") | M68: =IFERROR(IF(L68="","",ROUND(L68*$M$11,2)),"") | Q68: =IF(COUNT($N68:$P68)=0,"",SUM($N68:$P68)) | R68: =IFERROR(IF(Q68="","",ROUND(Q68/$Q$11*100,2)),"") | S68: =IFERROR(IF(R68="","",ROUND(R68*$S$11,2)),"") | W68: =IF(COUNT($T68:$V68)=0,"",SUM($T68:$V68)) | X68: =IFERROR(IF(W68="","",ROUND((($T68/$T$11)*30 + ($U68/$U$11)*30 + ($V68/$V$11)*40),2)),"") | Y68: =IFERROR(IF(X68="","",ROUND(X68*$Y$11,2)),"") | Z68: =IFERROR(M68+S68+Y68,"") | AA68: =IFERROR(VLOOKUP(Z68,'Helper(IMPORTANT!)'!$CQ$1:$CR$41,2,TRUE),"") | AB68: {=IF(AA68="", "", _xlfn.IFS(AA68>=90, "A", AA68>=80, "B", AA68>=75, "C", AA68>=65, "D", AA68>=0, "E"))}
A69: 6 | B69: ='INPUT DATA'!O16 | K69: =IF(COUNT($F69:$J69)=0,"",SUM($F69:$J69)) | L69: =IFERROR(IF(K69="","",ROUND(K69/$K$11*100,2)),"") | M69: =IFERROR(IF(L69="","",ROUND(L69*$M$11,2)),"") | Q69: =IF(COUNT($N69:$P69)=0,"",SUM($N69:$P69)) | R69: =IFERROR(IF(Q69="","",ROUND(Q69/$Q$11*100,2)),"") | S69: =IFERROR(IF(R69="","",ROUND(R69*$S$11,2)),"") | W69: =IF(COUNT($T69:$V69)=0,"",SUM($T69:$V69)) | X69: =IFERROR(IF(W69="","",ROUND((($T69/$T$11)*30 + ($U69/$U$11)*30 + ($V69/$V$11)*40),2)),"") | Y69: =IFERROR(IF(X69="","",ROUND(X69*$Y$11,2)),"") | Z69: =IFERROR(M69+S69+Y69,"") | AA69: =IFERROR(VLOOKUP(Z69,'Helper(IMPORTANT!)'!$CQ$1:$CR$41,2,TRUE),"") | AB69: {=IF(AA69="", "", _xlfn.IFS(AA69>=90, "A", AA69>=80, "B", AA69>=75, "C", AA69>=65, "D", AA69>=0, "E"))}
A70: 7 | B70: ='INPUT DATA'!O17 | K70: =IF(COUNT($F70:$J70)=0,"",SUM($F70:$J70)) | L70: =IFERROR(IF(K70="","",ROUND(K70/$K$11*100,2)),"") | M70: =IFERROR(IF(L70="","",ROUND(L70*$M$11,2)),"") | Q70: =IF(COUNT($N70:$P70)=0,"",SUM($N70:$P70)) | R70: =IFERROR(IF(Q70="","",ROUND(Q70/$Q$11*100,2)),"") | S70: =IFERROR(IF(R70="","",ROUND(R70*$S$11,2)),"") | W70: =IF(COUNT($T70:$V70)=0,"",SUM($T70:$V70)) | X70: =IFERROR(IF(W70="","",ROUND((($T70/$T$11)*30 + ($U70/$U$11)*30 + ($V70/$V$11)*40),2)),"") | Y70: =IFERROR(IF(X70="","",ROUND(X70*$Y$11,2)),"") | Z70: =IFERROR(M70+S70+Y70,"") | AA70: =IFERROR(VLOOKUP(Z70,'Helper(IMPORTANT!)'!$CQ$1:$CR$41,2,TRUE),"") | AB70: {=IF(AA70="", "", _xlfn.IFS(AA70>=90, "A", AA70>=80, "B", AA70>=75, "C", AA70>=65, "D", AA70>=0, "E"))}
A71: 8 | B71: ='INPUT DATA'!O18 | K71: =IF(COUNT($F71:$J71)=0,"",SUM($F71:$J71)) | L71: =IFERROR(IF(K71="","",ROUND(K71/$K$11*100,2)),"") | M71: =IFERROR(IF(L71="","",ROUND(L71*$M$11,2)),"") | Q71: =IF(COUNT($N71:$P71)=0,"",SUM($N71:$P71)) | R71: =IFERROR(IF(Q71="","",ROUND(Q71/$Q$11*100,2)),"") | S71: =IFERROR(IF(R71="","",ROUND(R71*$S$11,2)),"") | W71: =IF(COUNT($T71:$V71)=0,"",SUM($T71:$V71)) | X71: =IFERROR(IF(W71="","",ROUND((($T71/$T$11)*30 + ($U71/$U$11)*30 + ($V71/$V$11)*40),2)),"") | Y71: =IFERROR(IF(X71="","",ROUND(X71*$Y$11,2)),"") | Z71: =IFERROR(M71+S71+Y71,"") | AA71: =IFERROR(VLOOKUP(Z71,'Helper(IMPORTANT!)'!$CQ$1:$CR$41,2,TRUE),"") | AB71: {=IF(AA71="", "", _xlfn.IFS(AA71>=90, "A", AA71>=80, "B", AA71>=75, "C", AA71>=65, "D", AA71>=0, "E"))}
A72: 9 | B72: ='INPUT DATA'!O19 | K72: =IF(COUNT($F72:$J72)=0,"",SUM($F72:$J72)) | L72: =IFERROR(IF(K72="","",ROUND(K72/$K$11*100,2)),"") | M72: =IFERROR(IF(L72="","",ROUND(L72*$M$11,2)),"") | Q72: =IF(COUNT($N72:$P72)=0,"",SUM($N72:$P72)) | R72: =IFERROR(IF(Q72="","",ROUND(Q72/$Q$11*100,2)),"") | S72: =IFERROR(IF(R72="","",ROUND(R72*$S$11,2)),"") | W72: =IF(COUNT($T72:$V72)=0,"",SUM($T72:$V72)) | X72: =IFERROR(IF(W72="","",ROUND((($T72/$T$11)*30 + ($U72/$U$11)*30 + ($V72/$V$11)*40),2)),"") | Y72: =IFERROR(IF(X72="","",ROUND(X72*$Y$11,2)),"") | Z72: =IFERROR(M72+S72+Y72,"") | AA72: =IFERROR(VLOOKUP(Z72,'Helper(IMPORTANT!)'!$CQ$1:$CR$41,2,TRUE),"") | AB72: {=IF(AA72="", "", _xlfn.IFS(AA72>=90, "A", AA72>=80, "B", AA72>=75, "C", AA72>=65, "D", AA72>=0, "E"))}
A73: 10 | B73: ='INPUT DATA'!O20 | K73: =IF(COUNT($F73:$J73)=0,"",SUM($F73:$J73)) | L73: =IFERROR(IF(K73="","",ROUND(K73/$K$11*100,2)),"") | M73: =IFERROR(IF(L73="","",ROUND(L73*$M$11,2)),"") | Q73: =IF(COUNT($N73:$P73)=0,"",SUM($N73:$P73)) | R73: =IFERROR(IF(Q73="","",ROUND(Q73/$Q$11*100,2)),"") | S73: =IFERROR(IF(R73="","",ROUND(R73*$S$11,2)),"") | W73: =IF(COUNT($T73:$V73)=0,"",SUM($T73:$V73)) | X73: =IFERROR(IF(W73="","",ROUND((($T73/$T$11)*30 + ($U73/$U$11)*30 + ($V73/$V$11)*40),2)),"") | Y73: =IFERROR(IF(X73="","",ROUND(X73*$Y$11,2)),"") | Z73: =IFERROR(M73+S73+Y73,"") | AA73: =IFERROR(VLOOKUP(Z73,'Helper(IMPORTANT!)'!$CQ$1:$CR$41,2,TRUE),"") | AB73: {=IF(AA73="", "", _xlfn.IFS(AA73>=90, "A", AA73>=80, "B", AA73>=75, "C", AA73>=65, "D", AA73>=0, "E"))}
A74: 11 | B74: ='INPUT DATA'!O21 | K74: =IF(COUNT($F74:$J74)=0,"",SUM($F74:$J74)) | L74: =IFERROR(IF(K74="","",ROUND(K74/$K$11*100,2)),"") | M74: =IFERROR(IF(L74="","",ROUND(L74*$M$11,2)),"") | Q74: =IF(COUNT($N74:$P74)=0,"",SUM($N74:$P74)) | R74: =IFERROR(IF(Q74="","",ROUND(Q74/$Q$11*100,2)),"") | S74: =IFERROR(IF(R74="","",ROUND(R74*$S$11,2)),"") | W74: =IF(COUNT($T74:$V74)=0,"",SUM($T74:$V74)) | X74: =IFERROR(IF(W74="","",ROUND((($T74/$T$11)*30 + ($U74/$U$11)*30 + ($V74/$V$11)*40),2)),"") | Y74: =IFERROR(IF(X74="","",ROUND(X74*$Y$11,2)),"") | Z74: =IFERROR(M74+S74+Y74,"") | AA74: =IFERROR(VLOOKUP(Z74,'Helper(IMPORTANT!)'!$CQ$1:$CR$41,2,TRUE),"") | AB74: {=IF(AA74="", "", _xlfn.IFS(AA74>=90, "A", AA74>=80, "B", AA74>=75, "C", AA74>=65, "D", AA74>=0, "E"))}
A75: 12 | B75: ='INPUT DATA'!O22 | K75: =IF(COUNT($F75:$J75)=0,"",SUM($F75:$J75)) | L75: =IFERROR(IF(K75="","",ROUND(K75/$K$11*100,2)),"") | M75: =IFERROR(IF(L75="","",ROUND(L75*$M$11,2)),"") | Q75: =IF(COUNT($N75:$P75)=0,"",SUM($N75:$P75)) | R75: =IFERROR(IF(Q75="","",ROUND(Q75/$Q$11*100,2)),"") | S75: =IFERROR(IF(R75="","",ROUND(R75*$S$11,2)),"") | W75: =IF(COUNT($T75:$V75)=0,"",SUM($T75:$V75)) | X75: =IFERROR(IF(W75="","",ROUND((($T75/$T$11)*30 + ($U75/$U$11)*30 + ($V75/$V$11)*40),2)),"") | Y75: =IFERROR(IF(X75="","",ROUND(X75*$Y$11,2)),"") | Z75: =IFERROR(M75+S75+Y75,"") | AA75: =IFERROR(VLOOKUP(Z75,'Helper(IMPORTANT!)'!$CQ$1:$CR$41,2,TRUE),"") | AB75: {=IF(AA75="", "", _xlfn.IFS(AA75>=90, "A", AA75>=80, "B", AA75>=75, "C", AA75>=65, "D", AA75>=0, "E"))}
... A113: 50 | B113: ='INPUT DATA'!O60 | K113: =IF(COUNT($F113:$J113)=0,"",SUM($F113:$J113)) | L113: =IFERROR(IF(K113="","",ROUND(K113/$K$11*100,2)),"") | M113: =IFERROR(IF(L113="","",ROUND(L113*$M$11,2)),"") | Q113: =IF(COUNT($N113:$P113)=0,"",SUM($N113:$P113)) | R113: =IFERROR(IF(Q113="","",ROUND(Q113/$Q$11*100,2)),"") | S113: =IFERROR(IF(R113="","",ROUND(R113*$S$11,2)),"") | W113: =IF(COUNT($T113:$V113)=0,"",SUM($T113:$V113)) | X113: =IFERROR(IF(W113="","",ROUND((($T113/$T$11)*30 + ($U113/$U$11)*30 + ($V113/$V$11)*40),2)),"") | Y113: =IFERROR(IF(X113="","",ROUND(X113*$Y$11,2)),"") | Z113: =IFERROR(M113+S113+Y113,"") | AA113: =IFERROR(VLOOKUP(Z113,'Helper(IMPORTANT!)'!$CQ$1:$CR$41,2,TRUE),"") | AB113: {=IF(AA113="", "", _xlfn.IFS(AA113>=90, "A", AA113>=80, "B", AA113>=75, "C", AA113>=65, "D", AA113>=0, "E"))}

Sheet SUMMARY
A1: Final Grades
B5: REGION | D5: ='INPUT DATA'!F10 | J5: DIVISION | P5: ='INPUT DATA'!F11 | Y5: SCHOOL ID | AB5: ='INPUT DATA'!F13
B6: SCHOOL NAME | D6: ='INPUT DATA'!F14 | Y6: SCHOOL YEAR | AB6: ='INPUT DATA'!F16
A9: LEARNERS' NAMES | F9: GRADE & SECTION: | N9: ='INPUT DATA'!F24&" - "&'INPUT DATA'!F25 | V9: SUBJECT: | Z9: =IF('INPUT DATA'!F30<>"",'INPUT DATA'!F30,'INPUT DATA'!F28)
F10: TEACHER: | I10: ='INPUT DATA'!F22 | S10: SUBJECT TYPE: | V10: SUBJECT TYPE: | Z10: ='INPUT DATA'!F26
F11: FIRST TERM | N11: SECOND TERM | V11: THIRD TERM | Z11: AVERAGE | AC11: REMARKS
A12: MALE
A13: 1 | B13: ='INPUT DATA'!L11 | H13: ='TERM 1'!AA13 | P13: ='TERM 2'!AA13 | V13: ='TERM 3'!AA13 | Z13: =IFERROR((H13+P13+V13)/3, "") | AC13: {=IF(Z13="", "", _xlfn.IFS(Z13>=90, "Advancing", Z13>=80, "Benchmarking", Z13>=75, "Connecting", Z13>=65, "Developing", Z13>=0, "Emerging"))}
A14: 2 | B14: ='INPUT DATA'!L12 | H14: ='TERM 1'!AA14 | P14: ='TERM 2'!AA14 | V14: ='TERM 3'!AA14 | Z14: =IFERROR((H14+P14+V14)/3, "") | AC14: {=IF(Z14="", "", _xlfn.IFS(Z14>=90, "Advancing", Z14>=80, "Benchmarking", Z14>=75, "Connecting", Z14>=65, "Developing", Z14>=0, "Emerging"))}
A15: 3 | B15: ='INPUT DATA'!L13 | H15: ='TERM 1'!AA15 | P15: ='TERM 2'!AA15 | V15: ='TERM 3'!AA15 | Z15: =IFERROR((H15+P15+V15)/3, "") | AC15: {=IF(Z15="", "", _xlfn.IFS(Z15>=90, "Advancing", Z15>=80, "Benchmarking", Z15>=75, "Connecting", Z15>=65, "Developing", Z15>=0, "Emerging"))}
A16: 4 | B16: ='INPUT DATA'!L14 | H16: ='TERM 1'!AA16 | P16: ='TERM 2'!AA16 | V16: ='TERM 3'!AA16 | Z16: =IFERROR((H16+P16+V16)/3, "") | AC16: {=IF(Z16="", "", _xlfn.IFS(Z16>=90, "Advancing", Z16>=80, "Benchmarking", Z16>=75, "Connecting", Z16>=65, "Developing", Z16>=0, "Emerging"))}
A17: 5 | B17: ='INPUT DATA'!L15 | H17: ='TERM 1'!AA17 | P17: ='TERM 2'!AA17 | V17: ='TERM 3'!AA17 | Z17: =IFERROR((H17+P17+V17)/3, "") | AC17: {=IF(Z17="", "", _xlfn.IFS(Z17>=90, "Advancing", Z17>=80, "Benchmarking", Z17>=75, "Connecting", Z17>=65, "Developing", Z17>=0, "Emerging"))}
A18: 6 | B18: ='INPUT DATA'!L16 | H18: ='TERM 1'!AA18 | P18: ='TERM 2'!AA18 | V18: ='TERM 3'!AA18 | Z18: =IFERROR((H18+P18+V18)/3, "") | AC18: {=IF(Z18="", "", _xlfn.IFS(Z18>=90, "Advancing", Z18>=80, "Benchmarking", Z18>=75, "Connecting", Z18>=65, "Developing", Z18>=0, "Emerging"))}
A19: 7 | B19: ='INPUT DATA'!L17 | H19: ='TERM 1'!AA19 | P19: ='TERM 2'!AA19 | V19: ='TERM 3'!AA19 | Z19: =IFERROR((H19+P19+V19)/3, "") | AC19: {=IF(Z19="", "", _xlfn.IFS(Z19>=90, "Advancing", Z19>=80, "Benchmarking", Z19>=75, "Connecting", Z19>=65, "Developing", Z19>=0, "Emerging"))}
A20: 8 | B20: ='INPUT DATA'!L18 | H20: ='TERM 1'!AA20 | P20: ='TERM 2'!AA20 | V20: ='TERM 3'!AA20 | Z20: =IFERROR((H20+P20+V20)/3, "") | AC20: {=IF(Z20="", "", _xlfn.IFS(Z20>=90, "Advancing", Z20>=80, "Benchmarking", Z20>=75, "Connecting", Z20>=65, "Developing", Z20>=0, "Emerging"))}
A21: 9 | B21: ='INPUT DATA'!L19 | H21: ='TERM 1'!AA21 | P21: ='TERM 2'!AA21 | V21: ='TERM 3'!AA21 | Z21: =IFERROR((H21+P21+V21)/3, "") | AC21: {=IF(Z21="", "", _xlfn.IFS(Z21>=90, "Advancing", Z21>=80, "Benchmarking", Z21>=75, "Connecting", Z21>=65, "Developing", Z21>=0, "Emerging"))}
A22: 10 | B22: ='INPUT DATA'!L20 | H22: ='TERM 1'!AA22 | P22: ='TERM 2'!AA22 | V22: ='TERM 3'!AA22 | Z22: =IFERROR((H22+P22+V22)/3, "") | AC22: {=IF(Z22="", "", _xlfn.IFS(Z22>=90, "Advancing", Z22>=80, "Benchmarking", Z22>=75, "Connecting", Z22>=65, "Developing", Z22>=0, "Emerging"))}
A23: 11 | B23: ='INPUT DATA'!L21 | H23: ='TERM 1'!AA23 | P23: ='TERM 2'!AA23 | V23: ='TERM 3'!AA23 | Z23: =IFERROR((H23+P23+V23)/3, "") | AC23: {=IF(Z23="", "", _xlfn.IFS(Z23>=90, "Advancing", Z23>=80, "Benchmarking", Z23>=75, "Connecting", Z23>=65, "Developing", Z23>=0, "Emerging"))}
A24: 12 | B24: ='INPUT DATA'!L22 | H24: ='TERM 1'!AA24 | P24: ='TERM 2'!AA24 | V24: ='TERM 3'!AA24 | Z24: =IFERROR((H24+P24+V24)/3, "") | AC24: {=IF(Z24="", "", _xlfn.IFS(Z24>=90, "Advancing", Z24>=80, "Benchmarking", Z24>=75, "Connecting", Z24>=65, "Developing", Z24>=0, "Emerging"))}
... A62: 50 | B62: ='INPUT DATA'!L60 | H62: ='TERM 1'!AA62 | P62: ='TERM 2'!AA62 | V62: ='TERM 3'!AA62 | Z62: =IFERROR((H62+P62+V62)/3, "") | AC62: {=IF(Z62="", "", _xlfn.IFS(Z62>=90, "Advancing", Z62>=80, "Benchmarking", Z62>=75, "Connecting", Z62>=65, "Developing", Z62>=0, "Emerging"))}
A63: FEMALE | F63: ='TERM 1'!AA63
A64: 1 | B64: ='INPUT DATA'!O11 | H64: ='TERM 1'!AA64 | P64: ='TERM 2'!AA64 | V64: ='TERM 3'!AA64 | Z64: =IFERROR((H64+P64+V64)/3, "") | AC64: {=IF(Z64="", "", _xlfn.IFS(Z64>=90, "Advancing", Z64>=80, "Benchmarking", Z64>=75, "Connecting", Z64>=65, "Developing", Z64>=0, "Emerging"))}
A65: 2 | B65: ='INPUT DATA'!O12 | H65: ='TERM 1'!AA65 | P65: ='TERM 2'!AA65 | V65: ='TERM 3'!AA65 | Z65: =IFERROR((H65+P65+V65)/3, "") | AC65: {=IF(Z65="", "", _xlfn.IFS(Z65>=90, "Advancing", Z65>=80, "Benchmarking", Z65>=75, "Connecting", Z65>=65, "Developing", Z65>=0, "Emerging"))}
A66: 3 | B66: ='INPUT DATA'!O13 | H66: ='TERM 1'!AA66 | P66: ='TERM 2'!AA66 | V66: ='TERM 3'!AA66 | Z66: =IFERROR((H66+P66+V66)/3, "") | AC66: {=IF(Z66="", "", _xlfn.IFS(Z66>=90, "Advancing", Z66>=80, "Benchmarking", Z66>=75, "Connecting", Z66>=65, "Developing", Z66>=0, "Emerging"))}
A67: 4 | B67: ='INPUT DATA'!O14 | H67: ='TERM 1'!AA67 | P67: ='TERM 2'!AA67 | V67: ='TERM 3'!AA67 | Z67: =IFERROR((H67+P67+V67)/3, "") | AC67: {=IF(Z67="", "", _xlfn.IFS(Z67>=90, "Advancing", Z67>=80, "Benchmarking", Z67>=75, "Connecting", Z67>=65, "Developing", Z67>=0, "Emerging"))}
A68: 5 | B68: ='INPUT DATA'!O15 | H68: ='TERM 1'!AA68 | P68: ='TERM 2'!AA68 | V68: ='TERM 3'!AA68 | Z68: =IFERROR((H68+P68+V68)/3, "") | AC68: {=IF(Z68="", "", _xlfn.IFS(Z68>=90, "Advancing", Z68>=80, "Benchmarking", Z68>=75, "Connecting", Z68>=65, "Developing", Z68>=0, "Emerging"))}
A69: 6 | B69: ='INPUT DATA'!O16 | H69: ='TERM 1'!AA69 | P69: ='TERM 2'!AA69 | V69: ='TERM 3'!AA69 | Z69: =IFERROR((H69+P69+V69)/3, "") | AC69: {=IF(Z69="", "", _xlfn.IFS(Z69>=90, "Advancing", Z69>=80, "Benchmarking", Z69>=75, "Connecting", Z69>=65, "Developing", Z69>=0, "Emerging"))}
A70: 7 | B70: ='INPUT DATA'!O17 | H70: ='TERM 1'!AA70 | P70: ='TERM 2'!AA70 | V70: ='TERM 3'!AA70 | Z70: =IFERROR((H70+P70+V70)/3, "") | AC70: {=IF(Z70="", "", _xlfn.IFS(Z70>=90, "Advancing", Z70>=80, "Benchmarking", Z70>=75, "Connecting", Z70>=65, "Developing", Z70>=0, "Emerging"))}
A71: 8 | B71: ='INPUT DATA'!O18 | H71: ='TERM 1'!AA71 | P71: ='TERM 2'!AA71 | V71: ='TERM 3'!AA71 | Z71: =IFERROR((H71+P71+V71)/3, "") | AC71: {=IF(Z71="", "", _xlfn.IFS(Z71>=90, "Advancing", Z71>=80, "Benchmarking", Z71>=75, "Connecting", Z71>=65, "Developing", Z71>=0, "Emerging"))}
A72: 9 | B72: ='INPUT DATA'!O19 | H72: ='TERM 1'!AA72 | P72: ='TERM 2'!AA72 | V72: ='TERM 3'!AA72 | Z72: =IFERROR((H72+P72+V72)/3, "") | AC72: {=IF(Z72="", "", _xlfn.IFS(Z72>=90, "Advancing", Z72>=80, "Benchmarking", Z72>=75, "Connecting", Z72>=65, "Developing", Z72>=0, "Emerging"))}
A73: 10 | B73: ='INPUT DATA'!O20 | H73: ='TERM 1'!AA73 | P73: ='TERM 2'!AA73 | V73: ='TERM 3'!AA73 | Z73: =IFERROR((H73+P73+V73)/3, "") | AC73: {=IF(Z73="", "", _xlfn.IFS(Z73>=90, "Advancing", Z73>=80, "Benchmarking", Z73>=75, "Connecting", Z73>=65, "Developing", Z73>=0, "Emerging"))}
A74: 11 | B74: ='INPUT DATA'!O21 | H74: ='TERM 1'!AA74 | P74: ='TERM 2'!AA74 | V74: ='TERM 3'!AA74 | Z74: =IFERROR((H74+P74+V74)/3, "") | AC74: {=IF(Z74="", "", _xlfn.IFS(Z74>=90, "Advancing", Z74>=80, "Benchmarking", Z74>=75, "Connecting", Z74>=65, "Developing", Z74>=0, "Emerging"))}
A75: 12 | B75: ='INPUT DATA'!O22 | H75: ='TERM 1'!AA75 | P75: ='TERM 2'!AA75 | V75: ='TERM 3'!AA75 | Z75: =IFERROR((H75+P75+V75)/3, "") | AC75: {=IF(Z75="", "", _xlfn.IFS(Z75>=90, "Advancing", Z75>=80, "Benchmarking", Z75>=75, "Connecting", Z75>=65, "Developing", Z75>=0, "Emerging"))}
... A113: 50 | B113: ='INPUT DATA'!O60 | H113: ='TERM 1'!AA113 | P113: ='TERM 2'!AA113 | V113: ='TERM 3'!AA113 | Z113: =IFERROR((H113+P113+V113)/3, "") | AC113: {=IF(Z113="", "", _xlfn.IFS(Z113>=90, "Advancing", Z113>=80, "Benchmarking", Z113>=75, "Connecting", Z113>=65, "Developing", Z113>=0, "Emerging"))}

Sheet Helper(IMPORTANT!)
A1: WW 1 | K1: PT 1 | U1: QA 1 | V1: WW 2 | AF1: PT 2 | AP1: QA 2 | AQ1: WW 3 | BA1: PT 3 | BK1: QA 3 | BL1: WW 4 | BV1: PT 4 | CF1: QA 4 | CG1: Grade Level | CH1: SUBJECT TYPE | CI1: WRITTEN/ ORAL WORKS | CJ1: PRODUCT/ PERFORMANCE TASKS | CK1: SUMMATIVE TESTS & TERM EXAMINATION | CL1: WW | CM1: PT | CN1: QA | CO1: 11 | CP1: 12 | CQ1: 0 | CR1: 60 | CT1: LEARNER | CU1: Q1 | CV1: Q2 | CW1: Q3 | CX1: Q4 | CY1: Q1 | CZ1: Q2 | DA1: Q3 | DB1: Q4 | DD1: SSHSECR2026 | DE1: 11 | DF1: 12 | DI1: Track | DJ1: Cluster | DK1: Subject | DL1: Grade 11 | DM1: Grade 12
A2: 1 | B2: 2 | C2: 3 | D2: 4 | E2: 5 | F2: 6 | G2: 7 | H2: 8 | I2: 9 | J2: 10 | K2: 1 | L2: 2 | M2: 3 | N2: 4 | O2: 5 | P2: 6 | Q2: 7 | R2: 8 | S2: 9 | T2: 10 | U2: 1 | V2: 1 | W2: 2 | X2: 3 | Y2: 4 | Z2: 5 | AA2: 6 | AB2: 7 | AC2: 8 | AD2: 9 | AE2: 10 | AF2: 1 | AG2: 2 | AH2: 3 | AI2: 4 | AJ2: 5 | AK2: 6 | AL2: 7 | AM2: 8 | AN2: 9 | AO2: 10 | AP2: 1 | AQ2: 1 | AR2: 2 | AS2: 3 | AT2: 4 | AU2: 5 | AV2: 6 | AW2: 7 | AX2: 8 | AY2: 9 | AZ2: 10 | BA2: 1 | BB2: 2 | BC2: 3 | BD2: 4 | BE2: 5 | BF2: 6 | BG2: 7 | BH2: 8 | BI2: 9 | BJ2: 10 | BK2: 1 | BL2: 1 | BM2: 2 | BN2: 3 | BO2: 4 | BP2: 5 | BQ2: 6 | BR2: 7 | BS2: 8 | BT2: 9 | BU2: 10 | BV2: 1 | BW2: 2 | BX2: 3 | BY2: 4 | BZ2: 5 | CA2: 6 | CB2: 7 | CC2: 8 | CD2: 9 | CE2: 10 | CF2: 1 | CG2: 11 | CH2: Core Subject (All Tracks) | CI2: =CI$1&" ("&CL2*100&"%)" | CJ2: =CJ$1&" ("&CM2*100&"%)" | CK2: =CK$1&" ("&CN2*100&"%)" | CL2: 0.2 | CM2: 0.5 | CN2: 0.3 | CO2: 3 | CQ2: 4.68 | CR2: 61 | CT2: MALE | DD2: Core Subject (All Tracks) | DE2: QUARTERLY AVERAGE | DI2: Core Subject (All Tracks) | DJ2: CORE | DK2: Effective Communication | DL2: 4 | DM2: 0 | DN2: 11
A3: {=_xlfn.SEQUENCE(#REF!+1,1,#REF!,-1)} | B3: {=_xlfn.SEQUENCE(#REF!+1,1,#REF!,-1)} | C3: {=_xlfn.SEQUENCE(#REF!+1,1,#REF!,-1)} | D3: {=_xlfn.SEQUENCE(#REF!+1,1,#REF!,-1)} | E3: {=_xlfn.SEQUENCE(#REF!+1,1,#REF!,-1)} | F3: {=_xlfn.SEQUENCE(#REF!+1,1,#REF!,-1)} | G3: {=_xlfn.SEQUENCE(#REF!+1,1,#REF!,-1)} | H3: {=_xlfn.SEQUENCE(#REF!+1,1,#REF!,-1)} | ... CF3: {=_xlfn.SEQUENCE(#REF!+1,1,#REF!,-1)} | CH3: Academic Elective (All Other Electives) | CI3: =CI$1&" ("&CL3*100&"%)" | CJ3: =CJ$1&" ("&CM3*100&"%)" | CK3: =CK$1&" ("&CN3*100&"%)" | CL3: 0.2 | CM3: 0.5 | CN3: 0.3 | CO3: 1 | CP3: 2 | CQ3: 9.35 | CR3: 62 | CT3: {=_xlfn.SEQUENCE(50)} | CU3: {=IF( OR( 'INPUT DATA'!$F$26="Academic Elective (All Other Electives)", 'INPUT DATA'!$F$26="Academic Elective (Field Experience / Exposure, and Sports and Arts)", AND('INPUT DATA'!$F$26="TechPro Elective (Work Immersion)", 'INPUT DATA'!$F$24=12), AND('INPUT DATA'!$F$26="TechPro Elective (All Other Electives)", 'INPUT DATA'!$F$24=12) ), INDIRECT("'" & CU1 & "'!AJ13:AJ113"), "" )} | CV3: {=IF( OR( 'INPUT DATA'!$F$26="Academic Elective (All Other Electives)", 'INPUT DATA'!$F$26="Academic Elective (Field Experience / Exposure, and Sports and Arts)", AND('INPUT DATA'!$F$26="TechPro Elective (Work Immersion)", 'INPUT DATA'!$F$24=12), AND('INPUT DATA'!$F$26="TechPro Elective (All Other Electives)", 'INPUT DATA'!$F$24=12) ), INDIRECT("'" & CV1 & "'!AJ13:AJ113"), "" )} | CW3: {=IF( OR( 'INPUT DATA'!$F$26="Academic Elective (All Other Electives)", 'INPUT DATA'!$F$26="Academic Elective (Field Experience / Exposure, and Sports and Arts)", AND('INPUT DATA'!$F$26="TechPro Elective (Work Immersion)", 'INPUT DATA'!$F$24=12), AND('INPUT DATA'!$F$26="TechPro Elective (All Other Electives)", 'INPUT DATA'!$F$24=12) ), INDIRECT("'" & CW1 & "'!AJ13:AJ113"), "" )} | CX3: {=IF( OR( 'INPUT DATA'!$F$26="Academic Elective (All Other Electives)", 'INPUT DATA'!$F$26="Academic Elective (Field Experience / Exposure, and Sports and Arts)", AND('INPUT DATA'!$F$26="TechPro Elective (Work Immersion)", 'INPUT DATA'!$F$24=12), AND('INPUT DATA'!$F$26="TechPro Elective (All Other Electives)", 'INPUT DATA'!$F$24=12) ), INDIRECT("'" & CX1 & "'!AJ13:AJ113"), "" )} | CY3: {=IF(OR('INPUT DATA'!$F$26="Core Subject (All Tracks)", AND('INPUT DATA'!$F$26="TechPro Elective (All Other Electives)", 'INPUT DATA'!$F$24=11)),INDIRECT("'" & CY1 & "'!AJ13:AJ113"), "")} | CZ3: {=IF(OR('INPUT DATA'!$F$26="Core Subject (All Tracks)", AND('INPUT DATA'!$F$26="TechPro Elective (All Other Electives)", 'INPUT DATA'!$F$24=11)),INDIRECT("'" & CZ1 & "'!AJ13:AJ113"), "")} | DA3: {=IF(OR('INPUT DATA'!$F$26="Core Subject (All Tracks)", AND('INPUT DATA'!$F$26="TechPro Elective (All Other Electives)", 'INPUT DATA'!$F$24=11)),INDIRECT("'" & DA1 & "'!AJ13:AJ113"), "")} | DB3: {=IF(OR('INPUT DATA'!$F$26="Core Subject (All Tracks)", AND('INPUT DATA'!$F$26="TechPro Elective (All Other Electives)", 'INPUT DATA'!$F$24=11)),INDIRECT("'" & DB1 & "'!AJ13:AJ113"), "")} | DD3: Academic Elective (All Other Electives) | DE3: SEMESTRAL GRADE | DF3: SEMESTRAL GRADE | DI3: Core Subject (All Tracks) | DJ3: CORE | DK3: Mabisang Komunikasyon | DL3: 4 | DM3: 0 | DN3: 11
CH4: Academic Elective (Field Experience / Exposure, and Sports and Arts) | CI4: =CI$1&" ("&CL4*100&"%)" | CJ4: =CJ$1&" ("&CM4*100&"%)" | CK4: =CK$1&" ("&CN4*100&"%)" | CL4: 0.15 | CM4: 0.7 | CN4: 0.15 | CO4: 1 | CP4: 2 | CQ4: 14.01 | CR4: 63 | CT4: 2 | DD4: Academic Elective (Field Experience / Exposure, and Sports and Arts) | DE4: SEMESTRAL GRADE | DF4: SEMESTRAL GRADE | DI4: Core Subject (All Tracks) | DJ4: CORE | DK4: General Mathematics | DL4: 4 | DM4: 0 | DN4: 11
CH5: TechPro Elective (All Other Electives) | CI5: =CI$1&" ("&CL5*100&"%)" | CJ5: =CJ$1&" ("&CM5*100&"%)" | CK5: =CK$1&" ("&CN5*100&"%)" | CL5: 0.15 | CM5: 0.65 | CN5: 0.2 | CO5: 4 | CP5: 2 | CQ5: 18.68 | CR5: 64 | CT5: 3 | DD5: TechPro Elective (All Other Electives) | DE5: QUARTERLY AVERAGE | DF5: SEMESTRAL GRADE | DI5: Core Subject (All Tracks) | DJ5: CORE | DK5: General Science | DL5: 4 | DM5: 0 | DN5: 11
CH6: TechPro Elective (Work Immersion) | CI6: =CI$1&" ("&CL6*100&"%)" | CJ6: =CJ$1&" ("&CM6*100&"%)" | CK6: - - | CL6: 0.2 | CM6: 0.8 | CP6: 2 | CQ6: 23.35 | CR6: 65 | CT6: 4 | DD6: TechPro Elective (Work Immersion) | DE6: QUARTERLY AVERAGE | DF6: SEMESTRAL GRADE | DI6: Core Subject (All Tracks) | DJ6: CORE | DK6: Life and Career Skills | DL6: 4 | DM6: 0 | DN6: 11
CO7: ↑COMPUTATION↑ OF FINAL GRADES: 2 = Average of 2 quarters 4 = Average of 4 quarters | CQ7: 28.01 | CR7: 66 | CT7: 5 | DI7: Core Subject (All Tracks) | DJ7: CORE | DK7: Pag-aaral ng Kasaysayan at Lipunang Pilipino | DL7: 4 | DM7: 0 | DN7: 11
CQ8: 32.68 | CR8: 67 | CT8: 6 | DD8: Selected Track | DI8: Academic Elective (All Other Electives) | DJ8: ARTS, SOCIAL SCIENCE AND HUMANITIES CLUSTER | DK8: Arts 1 (Creative Industries - Visual Art, Literary Art, Media Art, Applied Art, and Traditional Art) | DL8: 2 | DM8: 0 | DN8: 11
CQ9: 37.34 | CR9: 68 | CT9: 7 | DD9: ='INPUT DATA'!F26 | DI9: Academic Elective (All Other Electives) | DJ9: ARTS, SOCIAL SCIENCE AND HUMANITIES CLUSTER | DK9: Arts 2 (Creative Industries - Music, Dance, and Theater) | DL9: 2 | DM9: 0 | DN9: 11
CQ10: 42.01 | CR10: 69 | CT10: 8 | DD10: Selected Grade Level | DI10: Academic Elective (All Other Electives) | DJ10: ARTS, SOCIAL SCIENCE AND HUMANITIES CLUSTER | DK10: Filipino Identity Through the Arts | DL10: 2 | DM10: 0 | DN10: 11
CQ11: 46.67 | CR11: 70 | CT11: 9 | DD11: ='INPUT DATA'!F24 | DI11: Academic Elective (All Other Electives) | DJ11: ARTS, SOCIAL SCIENCE AND HUMANITIES CLUSTER | DK11: Leadership and Mangement in the Arts | DL11: 2 | DM11: 0 | DN11: 11
CQ12: 51.34 | CR12: 71 | CT12: 10 | DI12: Academic Elective (All Other Electives) | DJ12: ARTS, SOCIAL SCIENCE AND HUMANITIES CLUSTER | DK12: Citizenship and Civic Engagement | DL12: 2 | DM12: 2 | DN12: 11/12
CQ13: 56.01 | CR13: 72 | CT13: 11 | DD13: Elective Subjects | DI13: Academic Elective (All Other Electives) | DJ13: ARTS, SOCIAL SCIENCE AND HUMANITIES CLUSTER | DK13: Contemporary Literature 1 | DL13: 2 | DM13: 2 | DN13: 11/12
CQ14: 60.67 | CR14: 73 | CT14: 12 | DD14: {=IFERROR(_xlfn._xlws.FILTER( DK2:DK140, ISNUMBER(SEARCH(DD11, DN2:DN140)) * (DI2:DI140 = DD9)),"Input Grade Level and Select Subject Type")} | DI14: Academic Elective (All Other Electives) | DJ14: ARTS, SOCIAL SCIENCE AND HUMANITIES CLUSTER | DK14: Contemporary Literature 2 | DL14: 2 | DM14: 2 | DN14: 11/12
CQ15: 65.34 | CR15: 74 | CT15: 13 | DD15: Barbering Services | DI15: Academic Elective (All Other Electives) | DJ15: ARTS, SOCIAL SCIENCE AND HUMANITIES CLUSTER | DK15: Creative Composition 1 | DL15: 2 | DM15: 2 | DN15: 11/12
CQ16: 70 | CR16: 75 | CT16: 14 | DD16: Caregiving (Adult Care) | DI16: Academic Elective (All Other Electives) | DJ16: ARTS, SOCIAL SCIENCE AND HUMANITIES CLUSTER | DK16: Creative Composition 2 | DL16: 0 | DM16: 2 | DN16: 12
CQ17: 71.18 | CR17: 76 | CT17: 15 | DD17: Caregiving (Child Care) | DI17: Academic Elective (All Other Electives) | DJ17: ARTS, SOCIAL SCIENCE AND HUMANITIES CLUSTER | DK17: Filipino 1 (Wika at Komunikasyon sa Akademikong Filipino) | DL17: 2 | DM17: 2 | DN17: 11/12
CQ18: 72.36 | CR18: 77 | CT18: 16 | DD18: Hairdressing Services | DI18: Academic Elective (All Other Electives) | DJ18: ARTS, SOCIAL SCIENCE AND HUMANITIES CLUSTER | DK18: Filipino 2 (Filipino para sa Larang Teknikal-Propesyonal) | DL18: 2 | DM18: 2 | DN18: 11/12
CQ19: 73.54 | CR19: 78 | CT19: 17 | DD19: Wellness Services (Hilot/Massage) | DI19: Academic Elective (All Other Electives) | DJ19: ARTS, SOCIAL SCIENCE AND HUMANITIES CLUSTER | DK19: Filipino 2 (Filipino sa Isports) | DL19: 2 | DM19: 2 | DN19: 11/12
CQ20: 74.72 | CR20: 79 | CT20: 18 | DD20: Agricultural Crops Production | DI20: Academic Elective (All Other Electives) | DJ20: ARTS, SOCIAL SCIENCE AND HUMANITIES CLUSTER | DK20: Filipino 2 (Filipino sa Sining at Disenyo) | DL20: 2 | DM20: 2 | DN20: 11/12
CQ21: 75.9 | CR21: 80 | CT21: 19 | DD21: Agro-entrepreneurship | DI21: Academic Elective (All Other Electives) | DJ21: ARTS, SOCIAL SCIENCE AND HUMANITIES CLUSTER | DK21: Introduction to Philosophy | DL21: 2 | DM21: 2 | DN21: 11/12
CQ22: 77.08 | CR22: 81 | CT22: 20 | DD22: Aquaculture | DI22: Academic Elective (All Other Electives) | DJ22: ARTS, SOCIAL SCIENCE AND HUMANITIES CLUSTER | DK22: Malikhaing Pagsulat | DL22: 2 | DM22: 2 | DN22: 11/12
CQ23: 78.26 | CR23: 82 | CT23: 21 | DD23: Fish Capture Operation | DI23: Academic Elective (All Other Electives) | DJ23: ARTS, SOCIAL SCIENCE AND HUMANITIES CLUSTER | DK23: Philippine Governance (Philippine Politics and Governance) | DL23: 2 | DM23: 2 | DN23: 11/12
CQ24: 79.44 | CR24: 83 | CT24: 22 | DD24: Food Processing | DI24: Academic Elective (All Other Electives) | DJ24: ARTS, SOCIAL SCIENCE AND HUMANITIES CLUSTER | DK24: Social Sciences (Theory and Practice) | DL24: 2 | DM24: 2 | DN24: 11/12
CQ25: 80.62 | CR25: 84 | CT25: 23 | DD25: Organic Agriculture Production | DI25: Academic Elective (All Other Electives) | DJ25: BUSINESS AND ENTREPRENEURSHIP | DK25: Business 1 (Basic Accounting) | DL25: 2 | DM25: 2 | DN25: 11/12
CQ26: 81.8 | CR26: 85 | CT26: 24 | DD26: Poultry Production (Chicken) | DI26: Academic Elective (All Other Electives) | DJ26: BUSINESS AND ENTREPRENEURSHIP | DK26: Business 2 (Business Finance and Income Taxation) | DL26: 2 | DM26: 2 | DN26: 11/12
CQ27: 82.98 | CR27: 86 | CT27: 25 | DD27: Ruminants Production | DI27: Academic Elective (All Other Electives) | DJ27: BUSINESS AND ENTREPRENEURSHIP | DK27: Business 3 (Business Economics) | DL27: 2 | DM27: 2 | DN27: 11/12
CQ28: 84.16 | CR28: 87 | CT28: 26 | DD28: Swine Production | DI28: Academic Elective (All Other Electives) | DJ28: BUSINESS AND ENTREPRENEURSHIP | DK28: Contemporary Marketing | DL28: 2 | DM28: 2 | DN28: 11/12
... CQ30: 86.52 | CR30: 89 | CT30: 28 | DD30: Handicrafts (Weaving) | DI30: Academic Elective (All Other Electives) | DJ30: BUSINESS AND ENTREPRENEURSHIP | DK30: Introduction to Organization and Management | DL30: 2 | DM30: 2 | DN30: 11/12
CQ31: 87.7 | CR31: 90 | CT31: 29 | DD31: Automotive Servicing (Electrical Repair) | DI31: Academic Elective (All Other Electives) | DJ31: SCIENCE, TECHNOLOGY, ENGINEERING AND MATHEMATICS | DK31: Advanced Mathematics 1 | DL31: 0 | DM31: 2 | DN31: 12
CQ32: 88.88 | CR32: 91 | CT32: 30 | DD32: Automotive Servicing (Engine and Chassis Repairs) | DI32: Academic Elective (All Other Electives) | DJ32: SCIENCE, TECHNOLOGY, ENGINEERING AND MATHEMATICS | DK32: Advanced Mathematics 2 | DL32: 0 | DM32: 2 | DN32: 12
CQ33: 90.06 | CR33: 92 | CT33: 31 | DD33: Driving and Automotive Servicing | DI33: Academic Elective (All Other Electives) | DJ33: SCIENCE, TECHNOLOGY, ENGINEERING AND MATHEMATICS | DK33: Biology 1 | DL33: 2 | DM33: 0 | DN33: 11
CQ34: 91.24 | CR34: 93 | CT34: 32 | DD34: Motorcycle and Small Engine Servicing | DI34: Academic Elective (All Other Electives) | DJ34: SCIENCE, TECHNOLOGY, ENGINEERING AND MATHEMATICS | DK34: Biology 2 | DL34: 2 | DM34: 0 | DN34: 11
CQ35: 92.42 | CR35: 94 | CT35: 33 | DD35: Carpentry | DI35: Academic Elective (All Other Electives) | DJ35: SCIENCE, TECHNOLOGY, ENGINEERING AND MATHEMATICS | DK35: Biology 3 | DL35: 0 | DM35: 2 | DN35: 12
CQ36: 93.6 | CR36: 95 | CT36: 34 | DD36: Construction Operation | DI36: Academic Elective (All Other Electives) | DJ36: SCIENCE, TECHNOLOGY, ENGINEERING AND MATHEMATICS | DK36: Biology 4 | DL36: 0 | DM36: 2 | DN36: 12
CQ37: 94.78 | CR37: 96 | CT37: 35 | DD37: Manual Metal Arc Welding | DI37: Academic Elective (All Other Electives) | DJ37: SCIENCE, TECHNOLOGY, ENGINEERING AND MATHEMATICS | DK37: Chemistry 1 | DL37: 2 | DM37: 0 | DN37: 11
CQ38: 95.96 | CR38: 97 | CT38: 36 | DD38: Technical Drafting | DI38: Academic Elective (All Other Electives) | DJ38: SCIENCE, TECHNOLOGY, ENGINEERING AND MATHEMATICS | DK38: Chemistry 2 | DL38: 2 | DM38: 0 | DN38: 11
CQ39: 97.14 | CR39: 98 | CT39: 37 | DD39: Animation | DI39: Academic Elective (All Other Electives) | DJ39: SCIENCE, TECHNOLOGY, ENGINEERING AND MATHEMATICS | DK39: Chemistry 3 | DL39: 0 | DM39: 2 | DN39: 12
CQ40: 98.32 | CR40: 99 | CT40: 38 | DD40: Illustration | DI40: Academic Elective (All Other Electives) | DJ40: SCIENCE, TECHNOLOGY, ENGINEERING AND MATHEMATICS | DK40: Chemistry 4 | DL40: 0 | DM40: 2 | DN40: 12
CQ41: 99.5 | CR41: 100 | CT41: 39 | DD41: Visual Graphics Design | DI41: Academic Elective (All Other Electives) | DJ41: SCIENCE, TECHNOLOGY, ENGINEERING AND MATHEMATICS | DK41: Database Management | DL41: 2 | DM41: 2 | DN41: 11/12
CT42: 40 | DD42: Bakery Operation | DI42: Academic Elective (All Other Electives) | DJ42: SCIENCE, TECHNOLOGY, ENGINEERING AND MATHEMATICS | DK42: Earth and Space Science 1 | DL42: 2 | DM42: 0 | DN42: 11
CT43: 41 | DD43: Events Management Services | DI43: Academic Elective (All Other Electives) | DJ43: SCIENCE, TECHNOLOGY, ENGINEERING AND MATHEMATICS | DK43: Earth and Space Science 2 | DL43: 2 | DM43: 0 | DN43: 11
CT44: 42 | DD44: Food and Beverage Operation | DI44: Academic Elective (All Other Electives) | DJ44: SCIENCE, TECHNOLOGY, ENGINEERING AND MATHEMATICS | DK44: Earth and Space Science 3 | DL44: 0 | DM44: 2 | DN44: 12
CT45: 43 | DD45: Hotel Operation (Front Office Services) | DI45: Academic Elective (All Other Electives) | DJ45: SCIENCE, TECHNOLOGY, ENGINEERING AND MATHEMATICS | DK45: Earth and Space Science 4 | DL45: 0 | DM45: 2 | DN45: 12
CT46: 44 | DD46: Hotel Operation (Housekeeping Services) | DI46: Academic Elective (All Other Electives) | DJ46: SCIENCE, TECHNOLOGY, ENGINEERING AND MATHEMATICS | DK46: Empowerment Technologies | DL46: 2 | DM46: 2 | DN46: 11/12
CT47: 45 | DD47: Kitchen Operations | DI47: Academic Elective (All Other Electives) | DJ47: SCIENCE, TECHNOLOGY, ENGINEERING AND MATHEMATICS | DK47: Finite Mathematics 1 | DL47: 2 | DM47: 2 | DN47: 11/12
CT48: 46 | DD48: Tourism Services | DI48: Academic Elective (All Other Electives) | DJ48: SCIENCE, TECHNOLOGY, ENGINEERING AND MATHEMATICS | DK48: Finite Mathematics 2 | DL48: 2 | DM48: 2 | DN48: 11/12
CT49: 47 | DD49: Commercial Air-Conditioning Installation and Servicing | DI49: Academic Elective (All Other Electives) | DJ49: SCIENCE, TECHNOLOGY, ENGINEERING AND MATHEMATICS | DK49: Fundamentals in Data Analytics | DL49: 2 | DM49: 2 | DN49: 11/12
CT50: 48 | DD50: Domestic Refrigeration and Air-Conditioning Servicing | DI50: Academic Elective (All Other Electives) | DJ50: SCIENCE, TECHNOLOGY, ENGINEERING AND MATHEMATICS | DK50: General Science 3 | DL50: 0 | DM50: 2 | DN50: 12
CT51: 49 | DD51: Electrical Installation Maintenance | DI51: Academic Elective (All Other Electives) | DJ51: SCIENCE, TECHNOLOGY, ENGINEERING AND MATHEMATICS | DK51: General Science 4 | DL51: 0 | DM51: 2 | DN51: 12
CT52: 50 | DD52: Electronics Product Assembly and Servicing | DI52: Academic Elective (All Other Electives) | DJ52: SCIENCE, TECHNOLOGY, ENGINEERING AND MATHEMATICS | DK52: Physics 1 | DL52: 2 | DM52: 0 | DN52: 11
CT53: FEMALE | DD53: Mechatronics | DI53: Academic Elective (All Other Electives) | DJ53: SCIENCE, TECHNOLOGY, ENGINEERING AND MATHEMATICS | DK53: Physics 2 | DL53: 2 | DM53: 0 | DN53: 11
CT54: {=_xlfn.SEQUENCE(50)} | DD54: Photovoltaic Systems Installation | DI54: Academic Elective (All Other Electives) | DJ54: SCIENCE, TECHNOLOGY, ENGINEERING AND MATHEMATICS | DK54: Physics 3 | DL54: 0 | DM54: 2 | DN54: 12
CT55: 2 | DD55: Broadband Installation | DI55: Academic Elective (All Other Electives) | DJ55: SCIENCE, TECHNOLOGY, ENGINEERING AND MATHEMATICS | DK55: Physics 4 | DL55: 0 | DM55: 2 | DN55: 12
CT56: 3 | DD56: Computer Programming (Java) | DI56: Academic Elective (All Other Electives) | DJ56: SCIENCE, TECHNOLOGY, ENGINEERING AND MATHEMATICS | DK56: Pre-calculus 1 | DL56: 0 | DM56: 2 | DN56: 12
CT57: 4 | DD57: Computer Programming (.Net Technology) | DI57: Academic Elective (All Other Electives) | DJ57: SCIENCE, TECHNOLOGY, ENGINEERING AND MATHEMATICS | DK57: Pre-calculus 2 | DL57: 0 | DM57: 2 | DN57: 12
CT58: 5 | DD58: Computer Programming (Oracle Database) | DI58: Academic Elective (All Other Electives) | DJ58: SCIENCE, TECHNOLOGY, ENGINEERING AND MATHEMATICS | DK58: Trigonometry 1 | DL58: 0 | DM58: 2 | DN58: 12
CT59: 6 | DD59: Computer Systems Servicing | DI59: Academic Elective (All Other Electives) | DJ59: SCIENCE, TECHNOLOGY, ENGINEERING AND MATHEMATICS | DK59: Trigonometry 2 | DL59: 0 | DM59: 2 | DN59: 12
CT60: 7 | DD60: Contact Center Services | DI60: Academic Elective (All Other Electives) | DJ60: SPORTS, HEALTH AND WELLNESS | DK60: Exercise and Sports Programming | DL60: 2 | DM60: 2 | DN60: 11/12
CT61: 8 | DD61: Marine Engineering at the Support Level | DI61: Academic Elective (All Other Electives) | DJ61: SPORTS, HEALTH AND WELLNESS | DK61: Human Movement 1 (Basic Anatomy in Sports and Exercise) | DL61: 2 | DM61: 0 | DN61: 11
CT62: 9 | DD62: Marine Transportation at the Support Level | DI62: Academic Elective (All Other Electives) | DJ62: SPORTS, HEALTH AND WELLNESS | DK62: Human Movement 2 (Motor Skills Development) | DL62: 2 | DM62: 0 | DN62: 11
CT63: 10 | DD63: Ships Catering Services | DI63: Academic Elective (All Other Electives) | DJ63: SPORTS, HEALTH AND WELLNESS | DK63: Physical Education 1 (Fitness and Recreation) | DL63: 2 | DM63: 2 | DN63: 11/12
CT64: 11 | DD64: Other Elective and Special Curricular Program | DI64: Academic Elective (All Other Electives) | DJ64: SPORTS, HEALTH AND WELLNESS | DK64: Physical Education 2 (Sports and Dance) | DL64: 2 | DM64: 2 | DN64: 11/12
CT65: 12 | DI65: Academic Elective (All Other Electives) | DJ65: SPORTS, HEALTH AND WELLNESS | DK65: Safety and First Aid | DL65: 2 | DM65: 2 | DN65: 11/12
CT66: 13 | DI66: Academic Elective (All Other Electives) | DJ66: SPORTS, HEALTH AND WELLNESS | DK66: Sports Activity Management | DL66: 2 | DM66: 2 | DN66: 11/12
CT67: 14 | DI67: Academic Elective (All Other Electives) | DJ67: SPORTS, HEALTH AND WELLNESS | DK67: Sports Coaching | DL67: 2 | DM67: 2 | DN67: 11/12
CT68: 15 | DI68: Academic Elective (All Other Electives) | DJ68: SPORTS, HEALTH AND WELLNESS | DK68: Sports Officiating | DL68: 2 | DM68: 2 | DN68: 11/12
CT69: 16 | DI69: Academic Elective (Field Experience / Exposure, and Sports and Arts) | DJ69: FIELD EXPOSURE | DK69: Field Exposure - Arts Apprenticeship (Dance, Music, Theater Arts, Literary Arts, Visual Arts, Visual, Media, Applied, and Traditional Art) | DL69: 2 | DM69: 2 | DN69: 11/12
CT70: 17 | DI70: Academic Elective (Field Experience / Exposure, and Sports and Arts) | DJ70: FIELD EXPOSURE | DK70: Field Exposure - Creative Production and Presentation | DL70: 2 | DM70: 2 | DN70: 11/12
CT71: 18 | DI71: Academic Elective (Field Experience / Exposure, and Sports and Arts) | DJ71: FIELD EXPOSURE | DK71: Field Exposure - Design and Innovation | DL71: 2 | DM71: 2 | DN71: 11/12
CT72: 19 | DI72: Academic Elective (Field Experience / Exposure, and Sports and Arts) | DJ72: FIELD EXPOSURE | DK72: Field Exposure - Research Methods | DL72: 2 | DM72: 2 | DN72: 11/12
CT73: 20 | DI73: Academic Elective (Field Experience / Exposure, and Sports and Arts) | DJ73: FIELD EXPOSURE | DK73: Field Exposure - (In-Campus) Sports | DL73: 2 | DM73: 2 | DN73: 11/12
CT74: 21 | DI74: Academic Elective (Field Experience / Exposure, and Sports and Arts) | DJ74: FIELD EXPOSURE | DK74: Field Exposure - (Off-Campus) (Business and Entrepreneurship/ Sports Health, and Wellness/ Science, Technology, Engineering, and Mathematics) | DL74: 2 | DM74: 2 | DN74: 11/12
CT75: 22 | DI75: TechPro Elective (All Other Electives) | DJ75: AESTHETIC, WELLNESS AND HUMAN CARE CLUSTER | DK75: Aesthethic Services (Beauty Care) | DL75: 4 | DM75: 2 | DN75: 11/12
CT76: 23 | DI76: TechPro Elective (All Other Electives) | DJ76: AESTHETIC, WELLNESS AND HUMAN CARE CLUSTER | DK76: Barbering Services | DL76: 4 | DM76: 2 | DN76: 11/12
... CT103: 50 | DI103: TechPro Elective (All Other Electives) | DJ103: HOSPITALITY AND TOURISM | DK103: Bakery Operation | DL103: 4 | DM103: 2 | DN103: 11/12
DI104: TechPro Elective (All Other Electives) | DJ104: HOSPITALITY AND TOURISM | DK104: Events Management Services | DL104: 4 | DM104: 2 | DN104: 11/12
DI105: TechPro Elective (All Other Electives) | DJ105: HOSPITALITY AND TOURISM | DK105: Food and Beverage Operation | DL105: 4 | DM105: 2 | DN105: 11/12
DI106: TechPro Elective (All Other Electives) | DJ106: HOSPITALITY AND TOURISM | DK106: Hotel Operation (Front Office Services) | DL106: 4 | DM106: 2 | DN106: 11/12
DI107: TechPro Elective (All Other Electives) | DJ107: HOSPITALITY AND TOURISM | DK107: Hotel Operation (Housekeeping Services) | DL107: 4 | DM107: 2 | DN107: 11/12
DI108: TechPro Elective (All Other Electives) | DJ108: HOSPITALITY AND TOURISM | DK108: Kitchen Operations | DL108: 4 | DM108: 2 | DN108: 11/12
DI109: TechPro Elective (All Other Electives) | DJ109: HOSPITALITY AND TOURISM | DK109: Tourism Services | DL109: 4 | DM109: 2 | DN109: 11/12
DI110: TechPro Elective (All Other Electives) | DJ110: INDUSTRIAL TECHNOLOGIES | DK110: Commercial Air-Conditioning Installation and Servicing | DL110: 4 | DM110: 2 | DN110: 11/12
DI111: TechPro Elective (All Other Electives) | DJ111: INDUSTRIAL TECHNOLOGIES | DK111: Domestic Refrigeration and Air-Conditioning Servicing | DL111: 4 | DM111: 2 | DN111: 11/12
DI112: TechPro Elective (All Other Electives) | DJ112: INDUSTRIAL TECHNOLOGIES | DK112: Electrical Installation Maintenance | DL112: 4 | DM112: 2 | DN112: 11/12
DI113: TechPro Elective (All Other Electives) | DJ113: INDUSTRIAL TECHNOLOGIES | DK113: Electronics Product Assembly and Servicing | DL113: 4 | DM113: 2 | DN113: 11/12
DI114: TechPro Elective (All Other Electives) | DJ114: INDUSTRIAL TECHNOLOGIES | DK114: Mechatronics | DL114: 4 | DM114: 2 | DN114: 11/12
DI115: TechPro Elective (All Other Electives) | DJ115: INDUSTRIAL TECHNOLOGIES | DK115: Photovoltaic Systems Installation | DL115: 4 | DM115: 2 | DN115: 11/12
... DI134: TechPro Elective (Work Immersion) | DJ134: MARITIME TRANSPORT | DK134: Work Immersion - Maritime Transport | DL134: 4 | DM134: 2 | DN134: 11/12
DI135: Academic Elective (All Other Electives) | DK135: Other Elective and Special Curricular Program | DL135: 4 | DM135: 2 | DN135: 11/12
DI136: Academic Elective (Field Experience / Exposure, and Sports and Arts) | DK136: Other Elective and Special Curricular Program | DL136: 4 | DM136: 2 | DN136: 11/12
DI137: TechPro Elective (All Other Electives) | DK137: Other Elective and Special Curricular Program | DL137: 4 | DM137: 2 | DN137: 11/12
DI138: TechPro Elective (Work Immersion) | DK138: Other Elective and Special Curricular Program | DL138: 4 | DM138: 2 | DN138: 11/12
